Name,Country
ALDAIR,Hispanic
ALEX,Hispanic
ALEXANDRE,Hispanic
ALINE,Hispanic
AMARAL,Hispanic
ANDERSON,Hispanic
ANDRE,Hispanic
ANDREIA,Hispanic
Aage,Nordic
Aagje,Germanic
Aaron,English-Speaking
Abaz,Slavic
Abbas,Middle Eastern
Abbos,Slavic
Abdalaati,North Africa
Abdel,North Africa
Abdelhak,North Africa
Abdesiem,North Africa
Abdollah,Middle Eastern
Abdon,Romance
Abdoulaye,Romance
Abdul,Middle Eastern
Abdullo,Slavic
Abebe,Sub-Saharan Africa
Abel,Hispanic
Abelardo,Romance
Abiodon,Sub-Saharan Africa
Abraham,Germanic
Abramo,Romance
Abutaleb,Middle Eastern
Achille,Romance
Ada,English-Speaking
Adam,Slavic
Ade,Hispanic
Adelheid,Germanic
Adelinde,Germanic
Adelmo,Romance
Ademir,Hispanic
Adenizia,Hispanic
Adesio,Hispanic
Adhemar,Hispanic
Adiel,Hispanic
Adil,Middle Eastern
Adilbek,Slavic
Admir,Slavic
Adne,Nordic
Adolf,Germanic
Adolfina,Slavic
Adolfo,Romance
Adolphe,Romance
Adriaan,Germanic
Adrian,English-Speaking
Adriana,Hispanic
Adriano,Romance
Adrianus,Germanic
Adrien,Romance
Aernout,Germanic
Affonso,Hispanic
Afranio,Hispanic
Agata,Slavic
Agathon,Germanic
Ageeth,Germanic
Aghasi,Slavic
Agneta,Nordic
Agnieszka,Slavic
Agostino,Romance
Aguilmar,Hispanic
Agustin,Hispanic
Agustina,Hispanic
Ahmad,South Asian
Ahmed,South Asian
Ahmet,Middle Eastern
Ai,East Asian
Aida,Hispanic
Aigars,Baltic
Aiko,East Asian
Aimé,Romance
Ainars,Baltic
Ajitpal,South Asian
Akaki,Slavic
Ake,Nordic
Akhtar,South Asian
Aki,East Asian
Akihiro,East Asian
Akinobu,East Asian
Akio,East Asian
Akira,East Asian
Akitsugu,East Asian
Aksana,Slavic
Aksel,Nordic
Akzhurek,Slavic
Al,English-Speaking
Alain,Romance
Alam,South Asian
Alan,English-Speaking
Alanna,English-Speaking
Alastair,English-Speaking
Albano,Romance
Albert,Romance
Alberto,Romance
Albertson,Hispanic
Albin,Romance
Aldo,Romance
Alec,English-Speaking
Aleen,Hispanic
Alejandra,Hispanic
Alejandrina,Hispanic
Alejandro,Hispanic
Aleksandar,Slavic
Aleksander,Slavic
Aleksandr,Slavic
Aleksandra,Slavic
Aleksei,Baltic
Aleksey,Slavic
Aleksy,Slavic
Alena,Slavic
Alenka,Slavic
Ales,Slavic
Alessandra,Hispanic
Alessandro,Romance
Alessia,Romance
Alessio,Romance
Aletta,Germanic
Alette,Germanic
Alex,English-Speaking
Alexander,English-Speaking
Alexandr,Slavic
Alexandra,English-Speaking
Alexandre,Romance
Alexandro,Hispanic
Alexandru,Romance
Alexei,Hispanic
Alexey,Slavic
Alexis,Hispanic
Alfio,Romance
Alfons,Germanic
Alfonso,Hispanic
Alfred,Germanic
Alfredo,Romance
Alfried,Germanic
Ali,South Asian
Alicia,Oceania
Alida,Germanic
Alina,Romance
Aliona,Germanic
Alipi,Slavic
Alireza,Middle Eastern
Alisa,Oceania
Alison,English-Speaking
Alister,English-Speaking
Aliya,Slavic
Aljosa,Slavic
Alla,Slavic
Allain,English-Speaking
Allan,Oceania
Allen,English-Speaking
Allison,English-Speaking
Allyson,English-Speaking
Alois,Germanic
Aloisio,Hispanic
Alphonse,Romance
Alvaro,Hispanic
Alvydas,Baltic
Aly,English-Speaking
Alyson,Oceania
Amanda,English-Speaking
Amauri,Hispanic
Amaury,Romance
Amaurys,Romance
Amber,Oceania
Ambrogio,Romance
Ambrosi,Germanic
Ambruse,Sub-Saharan Africa
Amede,Romance
Amedeo,Romance
Amelia,Romance
Amelie,Germanic
Amir,Middle Eastern
Amos,Slavic
Amy,English-Speaking
Amédé,Romance
Ana,Hispanic
Anastasia,Slavic
Anastazia,Slavic
Anaysi,Hispanic
Andela,Slavic
Anders,Nordic
Anderson,Hispanic
Andi,Germanic
Andjelija,Slavic
Andre,Romance
Andrea,Romance
Andreas,Germanic
Andreea,Romance
Andrei,Germanic
Andrej,Slavic
Andrejus,Baltic
Andres,Hispanic
Andrew,English-Speaking
Andrey,Slavic
Andrian,Slavic
Andries,Germanic
Andrija,Slavic
Andris,Baltic
Andriy,Slavic
Andro,Slavic
Andrus,Baltic
Andrzej,Slavic
André,Romance
Andrés,Hispanic
Aneta,Slavic
Anett,Germanic
Anette,Germanic
Angel,Hispanic
Angela,English-Speaking
Angelika,Germanic
Angelina,Slavic
Angella,English-Speaking
Angelo,Romance
Angie,Oceania
Angus,English-Speaking
Anh,Southeast Asian
Aniara,Hispanic
Anier,Hispanic
Anita,Nordic
Anja,Germanic
Anka,Slavic
Anke,Germanic
Anky,Germanic
Ann,English-Speaking
Anna,Slavic
Anne,English-Speaking
Annegret,Germanic
Annekatrin,Germanic
Anneke,Germanic
Annelies,Germanic
Anneliese,Germanic
Annelise,Oceania
Annemarie,Germanic
Annemiek,Germanic
Annett,Germanic
Annette,Germanic
Anni,Germanic
Annibale,Romance
Annie,English-Speaking
Annika,English-Speaking
Anny,Germanic
Anouk,English-Speaking
Ans,Germanic
Anselme,Romance
Anselmo,Romance
Ansgar,Germanic
Ante,Slavic
Anthea,Sub-Saharan Africa
Anthon,Nordic
Anthony,Oceania
Antje,Germanic
Antoine,Romance
Antoinette,Germanic
Anton,Germanic
Antonella,Romance
Antoni,Slavic
Antonie,Germanic
Antonin,Slavic
Antonio,Romance
Antonius,Germanic
Antony,English-Speaking
Antoon,Germanic
Antti,Nordic
Antun,Slavic
Anwar,South Asian
Anzhelika,Romance
Apolo,English-Speaking
Aramis,Slavic
Archibald,English-Speaking
Ard,Germanic
Ardy,Southeast Asian
Ariane,Germanic
Arianna,Romance
Aribert,Germanic
Arie,Germanic
Ariel,Hispanic
Aries,English-Speaking
Arihito,East Asian
Arijan,Slavic
Aritatsu,East Asian
Arkadiusz,Slavic
Arkady,Slavic
Arkom,Southeast Asian
Arlene,Sub-Saharan Africa
Arman,Slavic
Armand,Romance
Armando,Romance
Armen,Slavic
Armin,Germanic
Arnaldo,Hispanic
Arnaud,Romance
Arne,Nordic
Arno,Germanic
Arnold,Germanic
Arnor,Nordic
Arnost,Slavic
Arnulf,Germanic
Aron,Germanic
Arshad,South Asian
Arthur,English-Speaking
Arto,Nordic
Artur,Slavic
Arturas,Baltic
Arturo,Hispanic
Arunas,Baltic
Arvor,Nordic
Asafa,Hispanic
Asbel,Sub-Saharan Africa
Asen,Slavic
Asgari,Middle Eastern
Ash,Oceania
Ashfaq,South Asian
Ashleigh,English-Speaking
Ashley,English-Speaking
Ashok,South Asian
Asif,South Asian
Aslam,South Asian
Asli,Middle Eastern
Asparukh,Slavic
Assar,Nordic
Assefa,Sub-Saharan Africa
Astrid,Germanic
Asuna,East Asian
Atagun,Middle Eastern
Atanas,Slavic
Athol,English-Speaking
Athos,Romance
Atina,English-Speaking
Atje,Germanic
Ato,Hispanic
Atsuji,East Asian
Atsushi,East Asian
Attia,North Africa
Attilio,Romance
Aubert,English-Speaking
Audrey,English-Speaking
Audrius,Baltic
August,Germanic
Auguste,Romance
Augusten,Romance
Aureliano,Hispanic
Aurelio,Hispanic
Austra,Baltic
Automne,Romance
Avital,Germanic
Axel,Nordic
Aya,East Asian
Ayano,East Asian
Aydin,Middle Eastern
Ayhan,Middle Eastern
Aymard,English-Speaking
Ayumi,East Asian
Azam,South Asian
Azis,Slavic
Aziz,South Asian
Azize,Middle Eastern
Azusa,East Asian
BACH,Romance
BARBARA,Hispanic
BARREUR,Romance
BENEDIC,Romance
BERTRAND,Romance
BRENO,Hispanic
Babett,Germanic
Baboo,South Asian
Badri,Germanic
Bae,East Asian
Baeden,Oceania
Bahne,Germanic
Bahodirjon,Slavic
Bahri,Middle Eastern
Bair,Slavic
Bakhtiyar,Slavic
Bakhyt,Slavic
Bakshish,South Asian
Balbir,South Asian
Baldo,Romance
Baldur,Germanic
Balkishan,South Asian
Bandu,South Asian
Barbara,English-Speaking
Barbi,Germanic
Barbora,Slavic
Barbro,Nordic
Barje,Nordic
Barney,English-Speaking
Barrie,Oceania
Barry,Oceania
Bart,Germanic
Bartlomiej,Slavic
Bartosz,Nordic
Bas,Germanic
Bashir,South Asian
Bastian,Germanic
Battsetseg,East Asian
Bayram,Middle Eastern
Beat,Germanic
Beata,Slavic
Beate,Germanic
Beatrice,Sub-Saharan Africa
Beatrix,English-Speaking
Beatriz,Romance
Beau,English-Speaking
Beaufort,English-Speaking
Becca,English-Speaking
Beckie,English-Speaking
Bedrich,Slavic
Beezie,English-Speaking
Begona,Romance
Behdad,Middle Eastern
Bekzat,Slavic
Belem,Hispanic
Belinda,Oceania
Ben,English-Speaking
Benedykt,Slavic
Bengt,Nordic
Beniamino,Romance
Benito,Romance
Benjamin,Germanic
Benno,Germanic
Benny,Nordic
Benoit,Romance
Bent,Nordic
Bente,Nordic
Berengere,Romance
Bernadette,Germanic
Bernard,Romance
Bernardo,Hispanic
Bernardus,Germanic
Bernd,Germanic
Bernhard,Germanic
Bershawn,English-Speaking
Berta,Slavic
Bertha,Germanic
Bertil,Nordic
Bertland,Hispanic
Bertram,English-Speaking
Betsey,English-Speaking
Bettina,Germanic
Bevan,Oceania
Beverley,Oceania
Beverly,Hispanic
Bianca,Germanic
Bianco,Romance
Biljana,Slavic
Bill,English-Speaking
Binia,Germanic
Bino,Romance
Birger,Nordic
Birgit,Germanic
Birgitta,Nordic
Birgitte,Nordic
Birte,Germanic
Birute,Baltic
Biserka,Slavic
Bisi,Sub-Saharan Africa
Bjarne,Nordic
Bjoern,Germanic
Bjorgvin,Nordic
Bjorn,Nordic
Björne,Nordic
Blagoi,Slavic
Blagoje,Slavic
Blagovest,Slavic
Blaine,English-Speaking
Blair,Oceania
Blane,English-Speaking
Blanka,Slavic
Blazenko,Slavic
Blessing,Sub-Saharan Africa
Blythe,English-Speaking
Bo,Nordic
Bob,Germanic
Bobby,English-Speaking
Bode,English-Speaking
Boden,Oceania
Bodil,Nordic
Bodo,Germanic
Bogdan,Slavic
Boguslaw,Slavic
Bohmila,Slavic
Bohumil,Slavic
Bohuslav,Slavic
Bojana,Slavic
Bojiar,Slavic
Bok,East Asian
Bokyung,East Asian
Bolat,Slavic
Boleslaw,Slavic
Bong,East Asian
Bongil,East Asian
Boris,Slavic
Borislav,Slavic
Borislava,Slavic
Borivoje,Slavic
Bosko,Slavic
BoughÃ©ra,Romance
Boyan,Slavic
Bozena,Slavic
Bozidar,Slavic
Bozo,Slavic
Brad,English-Speaking
Bradford,Oceania
Bradley,English-Speaking
Brady,English-Speaking
Brahim,North Africa
Bram,Germanic
Brandon,English-Speaking
Branimir,Slavic
Branislav,Slavic
Branko,Slavic
Bratan,Slavic
Brecht,Germanic
Brenda,English-Speaking
Brendan,English-Speaking
Brenden,English-Speaking
Brent,English-Speaking
Brenton,Oceania
Brett,Oceania
Brian,English-Speaking
Bridget,English-Speaking
Bridgette,Oceania
Bridgitte,Sub-Saharan Africa
Brigitte,Germanic
Brimin,Sub-Saharan Africa
Briony,Oceania
Brit,Nordic
Brita,Germanic
Britt,Nordic
Britta,Germanic
Brittany,Oceania
Bronislaw,Slavic
Bronte,Oceania
Bronwen,Oceania
Bronwyn,Oceania
Brooke,Oceania
Brooks,English-Speaking
Broome,South Asian
Bruce,English-Speaking
Bruna,Romance
Brunhilde,Germanic
Bruno,Romance
Bruny,English-Speaking
Bryan,English-Speaking
Bryon,English-Speaking
Bryony,English-Speaking
Bubmin,East Asian
Buffy,English-Speaking
Bumyoung,East Asian
Bun,East Asian
Burkhard,Germanic
Buttree,Southeast Asian
Byong,East Asian
Byrle,English-Speaking
Byung,East Asian
Byungchul,East Asian
Börge,Nordic
CHARLOT,Romance
COULON,Romance
CURTET,Romance
Caia,Germanic
Caitlin,English-Speaking
Cameron,English-Speaking
Camilla,Nordic
Camille,Romance
Camillo,Romance
Campbell,English-Speaking
Candra,Southeast Asian
Cappie,English-Speaking
Caren,Germanic
Carin,Germanic
Carina,Germanic
Carl,Nordic
Carla,English-Speaking
Carli,English-Speaking
Carline,Germanic
Carlo,Romance
Carlos,Hispanic
Carlton,English-Speaking
Carly,Germanic
Carlyle,South Asian
Carmela,Romance
Carmelita,English-Speaking
Carmelo,Hispanic
Carmine,Romance
Carol,English-Speaking
Carole,Romance
Carolin,Germanic
Carolina,Germanic
Caroline,Oceania
Carolyn,English-Speaking
Carsten,Germanic
Carter,English-Speaking
Caryn,English-Speaking
Casey,English-Speaking
Caspar,Germanic
Casper,Nordic
Cassandra,English-Speaking
Cassie,English-Speaking
Catalien,Germanic
Catalina,Romance
Cate,Oceania
Cath,English-Speaking
Catharina,Germanic
Catherine,English-Speaking
Cathrine,Nordic
Cathy,English-Speaking
Catriona,English-Speaking
Cecil,English-Speaking
Cecile,Romance
Cecilia,English-Speaking
Cecilie,Nordic
Cedric,Romance
Cees,Germanic
Celal,Middle Eastern
Celestine,Sub-Saharan Africa
Celia,Germanic
Celina,Slavic
Celine,Romance
Celso,Hispanic
Cenaida,Hispanic
Cerstin,Germanic
Cesar,Hispanic
Cesare,Romance
Cha,East Asian
Chad,English-Speaking
Chanatip,Southeast Asian
Chandra,English-Speaking
Chang,East Asian
Changsoo,East Asian
Chantal,Germanic
Chantelle,Oceania
Charanjit,South Asian
Charity,Sub-Saharan Africa
Charles,English-Speaking
Charline,English-Speaking
Charlotte,English-Speaking
Charmaine,English-Speaking
Chayoun,East Asian
Chellsie,English-Speaking
Chenglong,East Asian
Cherie,English-Speaking
Cheryl,English-Speaking
Chettri,South Asian
Chiara,Romance
Chibuzor,Sub-Saharan Africa
Chidi,Sub-Saharan Africa
Chiharu,East Asian
Chikara,East Asian
Chinadorai,South Asian
Chinedu,Sub-Saharan Africa
Chiyori,East Asian
Chloe,English-Speaking
Chol,East Asian
Chong,Southeast Asian
Chris,English-Speaking
Christa,Germanic
Christel,Germanic
Christen,Romance
Christer,Nordic
Christian,Germanic
Christiane,Germanic
Christie,English-Speaking
Christina,Germanic
Christine,Romance
Christof,Germanic
Christoph,Germanic
Christophe,Romance
Christopher,English-Speaking
Christy,Sub-Saharan Africa
Chu,East Asian
Chuhei,East Asian
Chun,East Asian
Chungneijang,South Asian
Cindy,English-Speaking
Cintia,Hispanic
Cinzia,Romance
Cipriano,Romance
Ciro,Hispanic
Claes,Nordic
Claire,English-Speaking
Clara,English-Speaking
Clare,Oceania
Clarence,English-Speaking
Clarinda,Germanic
Clarissa,English-Speaking
Claud,English-Speaking
Claude,Romance
Claudette,Romance
Claudia,Germanic
Claudio,Hispanic
Claus,Germanic
Clayton,English-Speaking
Clement,Romance
Clemente,Hispanic
Clena,Germanic
Clifford,English-Speaking
Clinio,Hispanic
Clint,Oceania
Clinton,Oceania
Clover,Oceania
Clyde,Oceania
Clément,Romance
Coleman,English-Speaking
Colette,Germanic
Colin,English-Speaking
Colleen,English-Speaking
Collier,English-Speaking
Collin,English-Speaking
Collingwood,English-Speaking
Conny,Germanic
Conrad,Oceania
Conrado,Hispanic
Constance,English-Speaking
Constant,Romance
Constantine,English-Speaking
Coralie,Romance
Cord,Germanic
Corey,English-Speaking
Cori,English-Speaking
Corinna,Germanic
Cornelia,Germanic
Cornelis,Germanic
Cornelius,English-Speaking
Corrado,Romance
Cosimo,Romance
Costa,Hispanic
Courtney,English-Speaking
Craig,Oceania
Crew,English-Speaking
Crista,English-Speaking
Cristian,Hispanic
Crystl,English-Speaking
Curdin,Germanic
Curtis,English-Speaking
Cyril,English-Speaking
Czeslaw,Slavic
Czeslawa,Slavic
DANRLEI,Hispanic
DE,Romance
DIDA,Hispanic
DIEGO,Hispanic
DUPARC,Romance
Dae,East Asian
Daeho,East Asian
Dag,Nordic
Dagmar,Germanic
Dagny,Nordic
Dagvasuren,East Asian
Daichi,East Asian
Daima,Hispanic
Daimi,Hispanic
Daina,Baltic
Dainius,Baltic
Daishin,East Asian
Daisuke,East Asian
Daisy,English-Speaking
Dale,English-Speaking
Daley,English-Speaking
Dalibor,Nordic
Damian,Slavic
Damiano,Romance
Damien,Romance
Damir,Slavic
Damon,Oceania
Dan,English-Speaking
Dana,English-Speaking
Danel,Hispanic
Danell,English-Speaking
Dani,English-Speaking
Daniel,Romance
Daniela,Germanic
Daniele,Romance
Danielle,Oceania
Danijel,Romance
Danijela,Nordic
Danila,Slavic
Danilo,Slavic
Danira,Slavic
Danièle,Romance
Danko,Slavic
Danni,Oceania
Danny,Hispanic
Dante,Romance
Danuta,Slavic
Danyal,Slavic
Danyon,Oceania
Daouda,Romance
Daphne,English-Speaking
Darcy,English-Speaking
Daria,Slavic
Dario,Hispanic
Darius,Baltic
Dariusz,Slavic
Darren,English-Speaking
Darryl,English-Speaking
Darshan,South Asian
Darvin,Hispanic
Darya,Slavic
Davian,Hispanic
David,English-Speaking
Davide,Romance
Davidson,Sub-Saharan Africa
Davis,Sub-Saharan Africa
Davyd,Slavic
Dawn,English-Speaking
Daynellis,Hispanic
Dayron,Hispanic
Dean,Oceania
Debbi,English-Speaking
Debbie,English-Speaking
Deborah,Oceania
Deedee,English-Speaking
Deidra,English-Speaking
Dejan,Slavic
Deji,Sub-Saharan Africa
Dele,Sub-Saharan Africa
Delfo,Hispanic
Delphine,Romance
Delphyne,Romance
Deni,Romance
Denis,Slavic
Denise,English-Speaking
Denisse,Hispanic
Dennis,English-Speaking
Denny,English-Speaking
Denys,Slavic
Deok,East Asian
Deon,Hispanic
Deontay,English-Speaking
Derartu,Sub-Saharan Africa
Derek,English-Speaking
Deron,English-Speaking
Des,Oceania
Desai,English-Speaking
Deserie,Oceania
Desi,Germanic
Desmond,Oceania
Destinee,English-Speaking
Detlef,Germanic
Devon,Hispanic
Dhawee,Southeast Asian
Diadenis,Hispanic
Diana,Slavic
Diane,English-Speaking
Dianne,English-Speaking
Dick,Oceania
Didier,Romance
Diederik,Germanic
Diego,Hispanic
Dieter,Germanic
Dietmar,Germanic
Dietrich,Germanic
Dillianne,Germanic
Dimitar,Slavic
Dimitr,Slavic
Dimitre,Slavic
Dimitri,Germanic
Dimitrij,Germanic
Dimitrov,Slavic
Dimov,Slavic
Dina,Germanic
Dines,Nordic
Dinko,Oceania
Dino,Romance
Diogenes,Hispanic
Dion,Nordic
Dirk,Germanic
Ditte,Germanic
Djahanbakte,Middle Eastern
Djan,Hispanic
Djoko,Slavic
Djordje,Slavic
Djula,Slavic
Dmitriy,Slavic
Dmytro,Slavic
Dobroslav,Slavic
Doerte,Germanic
Dolores,Slavic
Domenico,Romance
Domingo,Hispanic
Domingos,Romance
Dominic,English-Speaking
Dominik,Slavic
Dominique,Romance
Don,English-Speaking
Donald,English-Speaking
Dong,East Asian
Donghua,Germanic
Dongjoo,East Asian
Dongmin,East Asian
Donny,English-Speaking
Donovan,English-Speaking
Dora,Germanic
Dorian,Germanic
Doriane,Romance
Dorina,Romance
Doris,Germanic
Dorjpalam,East Asian
Dorota,English-Speaking
Dorothea,Germanic
Dorothee,Germanic
Dorothy,English-Speaking
Dorte,Nordic
Dorthe,Nordic
Dorzhsuren,East Asian
Douglas,English-Speaking
Dragan,Slavic
Dragica,Slavic
Dragoslav,Slavic
Dragutin,Slavic
Drahomir,Slavic
Drazen,Slavic
Drew,Oceania
Driulys,Hispanic
Duaine,English-Speaking
Duarte,Romance
Dudley,Oceania
Duff,English-Speaking
Dugald,English-Speaking
Dugarsuren,East Asian
Duje,Slavic
Dulce,Hispanic
Duncan,English-Speaking
Dung,South Asian
Dunkan,English-Speaking
Dursan,Middle Eastern
Dusan,Slavic
Dusko,Slavic
Dustin,English-Speaking
Dwayne,English-Speaking
Dwyane,English-Speaking
Dyan,South Asian
Dyana,Oceania
Désiré,Romance
EDLETITSCH,Germanic
ELAINE,Hispanic
ERIKA,Hispanic
ESTER,Hispanic
ETCHEGARAY,Romance
Eamon,Oceania
Earl,English-Speaking
Earle,Oceania
Ebbe,Nordic
Ebenezer,Sub-Saharan Africa
Eberhard,Germanic
Ebrahim,Middle Eastern
Eckard,Germanic
Eckhardt,Germanic
Ed,English-Speaking
Eddie,Oceania
Eddy,Romance
Edgar,English-Speaking
Edi,Germanic
Edith,English-Speaking
Edmar,Hispanic
Edmond,Romance
Edmund,Nordic
Edoardo,Romance
Edouard,Romance
Edson,Hispanic
Eduard,Germanic
Eduardo,Hispanic
Edvaldo,Hispanic
Edvin,Nordic
Edvinas,Baltic
Edward,English-Speaking
Edwin,English-Speaking
Edwins,Baltic
Edy,Germanic
Eeke,Germanic
Efe,Sub-Saharan Africa
Egerton,English-Speaking
Egil,Nordic
Eglys,Hispanic
Egon,Germanic
Ehsan,Middle Eastern
Eigil,Nordic
Eiichi,East Asian
Eiji,East Asian
Eileen,English-Speaking
Eilert,Nordic
Einar,Nordic
Eirik,Nordic
Eizo,East Asian
Ejegayehu,Sub-Saharan Africa
Ejlert,Nordic
Ejvind,Nordic
Ekaterina,Slavic
Ekkhard,Germanic
Eko,Southeast Asian
El,North Africa
Eladio,Hispanic
Elaine,English-Speaking
Elana,English-Speaking
Eldari,Slavic
Elena,Slavic
Eleonoor,Germanic
Eleonora,Slavic
Elfriede,Germanic
Eli,Oceania
Elia,Romance
Eliecer,Hispanic
Elien,Germanic
Elier,Hispanic
Elin,Nordic
Elio,Romance
Elis,Nordic
Elisa,Romance
Elisabeth,Germanic
Elisabetta,Romance
Elise,Oceania
Eliud,Sub-Saharan Africa
Elizabeth,English-Speaking
Elka,Germanic
Elle,English-Speaking
Ellen,Germanic
Elliot,English-Speaking
Elmar,Germanic
Elnur,Slavic
Else,Germanic
Elvan,Middle Eastern
Elvio,Romance
Elvira,Germanic
Elvis,English-Speaking
Elwira,Slavic
Elyzaveta,Slavic
Elzbieta,Slavic
Emamali,Middle Eastern
Emanuel,Romance
Emanuela,Romance
Emanuele,Romance
Emese,Germanic
Emi,East Asian
Emiel,Germanic
Emiko,East Asian
Emil,Germanic
Emile,Romance
Emiliano,Romance
Emilie,English-Speaking
Emilija,Slavic
Emilio,Hispanic
Emily,English-Speaking
Emma,Oceania
Emmanuel,Sub-Saharan Africa
Enar,Nordic
Eng,Southeast Asian
Enith,Germanic
Ennio,Romance
Enrico,Romance
Enrique,Hispanic
Enyu,Slavic
Enzo,Romance
Eraldo,Romance
Ercole,Romance
Erhard,Germanic
Eri,East Asian
Eric,English-Speaking
Erica,Romance
Erich,Germanic
Eridadi,Sub-Saharan Africa
Eriel,Hispanic
Erik,Nordic
Erika,East Asian
Erin,English-Speaking
Erk,Germanic
Erki,Baltic
Erland,Nordic
Ermanno,Romance
Ermenegildo,Romance
Ermidelio,Hispanic
Ernest,English-Speaking
Ernesto,Hispanic
Ernst,Germanic
Eros,Romance
Erwin,Germanic
Eshetu,Sub-Saharan Africa
Eskild,Nordic
Esko,Nordic
Esmail,Middle Eastern
Espen,Nordic
Esper,Slavic
Esref,Middle Eastern
Esteban,Hispanic
Estela,Hispanic
Ethel,English-Speaking
Etienne,Romance
Ettore,Romance
Eugen,Germanic
Eugene,Romance
Eugenio,Romance
Eugène,Romance
Eui,East Asian
Eun,East Asian
Eunice,Sub-Saharan Africa
Eurelijus,Baltic
Eustace,English-Speaking
Eva,Germanic
Evaldas,Baltic
Evan,English-Speaking
Evelyn,English-Speaking
Evelyne,Germanic
Everard,English-Speaking
Evert,Germanic
Evgeni,Baltic
Evgenia,Slavic
Evgeniy,Slavic
Evgeniya,Slavic
Evgeny,Slavic
Evi,Germanic
Evladia,Slavic
Evy,Nordic
Ewa,Slavic
Ewald,Germanic
Eyup,Middle Eastern
Ezekiel,Sub-Saharan Africa
Ezio,Romance
Ezmouhan,Slavic
FABIANA,Hispanic
FAVIER,Romance
FIELD,Romance
FORMIGA,Hispanic
FRANCIELLE,Hispanic
FRAYSSE,Romance
Fabian,Germanic
Fabiana,Hispanic
Fabien,Romance
Fabio,Romance
Fabrice,Romance
Fabricio,Hispanic
Fabrizia,Romance
Fabrizio,Romance
Fahrudin,Slavic
Faissal,Germanic
Faith,Oceania
Falilat,Sub-Saharan Africa
Falko,Germanic
Fanny,Germanic
Farid,Slavic
Fatima,Germanic
Fatuma,Sub-Saharan Africa
Faustine,Romance
Federica,Romance
Federico,Romance
Fedia,Slavic
Fedor,Germanic
Feliberto,Hispanic
Felice,Romance
Felicia,Romance
Feliciano,Hispanic
Felicity,Oceania
Felipe,Hispanic
Felix,Germanic
Femke,Germanic
Ferdinand,Romance
Ferdinando,Romance
Fergus,Oceania
Fernand,Romance
Fernanda,Hispanic
Fernando,Hispanic
Feroz,South Asian
Feroze,South Asian
Ferreol,Romance
Ferruccio,Romance
Fidel,Hispanic
Fidelis,Sub-Saharan Africa
Filip,Slavic
Filippo,Romance
Finn,Nordic
Fiona,English-Speaking
Fiorenzo,Romance
Fita,Sub-Saharan Africa
Flandy,Southeast Asian
Flavio,Hispanic
Fleetwood,English-Speaking
Flemming,Nordic
Fleur,Germanic
Florence,Romance
Florent,Romance
Florentine,Germanic
Florian,Germanic
Florimond,Romance
Floris,Germanic
Floyd,English-Speaking
Fluer,Oceania
Folke,Nordic
Foluke,English-Speaking
Franca,Sub-Saharan Africa
France,English-Speaking
Frances,English-Speaking
Francesca,Romance
Francesco,Romance
Francine,Oceania
Francis,English-Speaking
Francisca,Germanic
Francisco,Hispanic
Franciszek,Slavic
Franck,Romance
Franco,Romance
Francois,Romance
Franjo,Slavic
Frank,English-Speaking
Franklyn,English-Speaking
Franlyn,English-Speaking
Frans,Romance
Frantisek,Slavic
Frantz,Sub-Saharan Africa
Franz,Germanic
Franziska,Germanic
François,Romance
Fred,English-Speaking
Freddie,English-Speaking
Freddy,Hispanic
Frede,Nordic
Frederic,Romance
Frederich,Hispanic
Frederick,English-Speaking
Frederik,Germanic
Frederique,Romance
Fredrik,Nordic
Fredy,Germanic
Frida,Nordic
Frieda,Germanic
Friederike,Germanic
Friedhelm,Germanic
Friedrich,Germanic
Frits,Germanic
Fritz,Germanic
Fritze,Nordic
Fritzi,Germanic
Frode,Nordic
Frédéric,English-Speaking
Fuad,Slavic
Fulvio,Romance
Fumiko,East Asian
Félicien,Romance
Félix,Romance
GRANDJEAN,Romance
GRAZIELLE,Hispanic
Gabi,Germanic
Gabriel,Hispanic
Gabriela,Hispanic
Gabriele,Germanic
Gabriella,Romance
Gael,Romance
Gaetan,English-Speaking
Gagan,South Asian
Gail,English-Speaking
Gal,Middle Eastern
Galabin,Slavic
Galen,English-Speaking
Galina,Slavic
Galliano,Romance
Galyna,Slavic
Gamze,Middle Eastern
Ganesh,South Asian
Ganna,Slavic
Garba,Sub-Saharan Africa
Gareth,English-Speaking
Garibaldi,Romance
Garnet,English-Speaking
Garry,English-Speaking
Garth,Hispanic
Gary,Oceania
Gaspar,Romance
Gaston,Romance
Gastone,Romance
Gavin,English-Speaking
Gavino,Romance
Gazanfer,Middle Eastern
Gebhard,Germanic
Geertje,Germanic
Gelindo,Romance
Gella,Romance
Geminio,Romance
Gemma,Oceania
Gennadiy,Slavic
Geoff,Oceania
Geoffrey,English-Speaking
Georg,Germanic
George,English-Speaking
Georges,Romance
Georghi,Slavic
Georgi,Slavic
Georgie,English-Speaking
Georgii,Slavic
Georgina,English-Speaking
Georgiy,Slavic
Geovani,Hispanic
Gerald,English-Speaking
Gerard,Germanic
Gerco,Germanic
Gerd,Germanic
Gerda,Germanic
Gerhard,Germanic
Germain,Romance
German,Hispanic
Germana,Romance
Gerolamo,Romance
Gerrit,Germanic
Gerry,English-Speaking
Gert,Nordic
Gertrude,Germanic
Gete,Sub-Saharan Africa
Gevrise,Romance
Gezahegne,Sub-Saharan Africa
Ghani,Romance
Ghasem,Middle Eastern
Gholam,Middle Eastern
Giaan,Oceania
Giacomo,Romance
Giampaolo,Romance
Giampero,Romance
Giampiero,Romance
Gian,Germanic
Gianbattista,Romance
Giancarlo,Romance
Giandomenico,Romance
Gianfranco,Romance
Gianluca,Romance
Gianluigi,Romance
Gianna,Germanic
Gianni,Romance
Gianpiero,Romance
Gigi,English-Speaking
Gijsbert,Germanic
Gil,East Asian
Gilbert,Romance
Gilberto,Hispanic
Gilchrist,English-Speaking
Gildo,Romance
Giliante,Romance
Gilles,Romance
Gillian,English-Speaking
Gillis,Nordic
Gilmar,Hispanic
Gina,English-Speaking
Ginka,Slavic
Gino,Romance
Gintaras,Baltic
Gintare,Baltic
Gioachino,Romance
Giordano,Romance
Giorge,Hispanic
Giorgi,Slavic
Giorgio,Romance
Giovane,Hispanic
Giovani,Hispanic
Giovanni,Romance
Girgina,Slavic
Gisela,Germanic
Giulia,Romance
Giuliana,Romance
Giuliano,Romance
Giulio,Romance
Giuseppe,Romance
Giuseppina,Romance
Giusy,Romance
Giuvi,English-Speaking
Gladis,English-Speaking
Gladys,English-Speaking
Gleb,Slavic
Glen,Oceania
Glenn,Oceania
Glenroy,English-Speaking
Glenys,English-Speaking
Gloria,Sub-Saharan Africa
Godfrey,English-Speaking
Gojko,Slavic
Gonnelien,Germanic
Goran,Slavic
Gordana,Slavic
Gordon,English-Speaking
Goril,Nordic
Gotfred,Nordic
Gottfried,Germanic
Gottlieb,Germanic
Gottlob,Germanic
Govind,South Asian
Grace,English-Speaking
Graeme,Oceania
Graham,Oceania
Grahame,Oceania
Grahanandan,South Asian
Grancesco,Romance
Grant,Oceania
Grantley,English-Speaking
Graziano,Romance
Greer,Hispanic
Greet,Germanic
Greg,English-Speaking
Gregor,Germanic
Gregory,Oceania
Greta,Nordic
Grete,Germanic
Gro,Nordic
Grzegorz,Slavic
Gudjon,Nordic
Gudrun,Germanic
Guenther,Romance
Guergui,Slavic
Guglielmo,Romance
Guido,Romance
Guilherme,Hispanic
Guillaume,Romance
Guillermo,Hispanic
Guin,English-Speaking
Guiseppe,Romance
Gulnara,Slavic
Gum,East Asian
Gun,Nordic
Gunda,Germanic
Gunde,Nordic
Gundegmaa,East Asian
Gunilla,Nordic
Gunn,Nordic
Gunnar,Nordic
Gunther,Germanic
Gurbux,South Asian
Gurcharan,South Asian
Gurdev,South Asian
Gustaf,Nordic
Gustav,Germanic
Gustave,Romance
Gustavo,Hispanic
Guus,Germanic
Guy,Romance
Guzel,Slavic
Gwang,East Asian
Gwendal,Romance
Gwendoline,English-Speaking
Gwladys,Romance
Gwong,East Asian
Gyeongmi,East Asian
Gyong,East Asian
GÃ¶te,Nordic
Göran,Nordic
Gösta,Nordic
Göta,Nordic
Göte,Nordic
Göthe,Nordic
Günter,Germanic
Günther,Germanic
HENDRAWAN,Southeast Asian
HERNANES,Hispanic
HOUBEN,Romance
HUTEAU,Romance
Ha,East Asian
Habib,North Africa
Habiba,North Africa
Hadi,Middle Eastern
Hadriaan,Germanic
Haile,Sub-Saharan Africa
Hairim,East Asian
Hak,East Asian
Hakan,Nordic
Hakki,Middle Eastern
Haldor,English-Speaking
Haley,English-Speaking
Halil,Middle Eastern
Halimat,Sub-Saharan Africa
Halina,Slavic
Halldor,Nordic
Halvard,Nordic
Halyna,Slavic
Hameed,South Asian
Hamid,South Asian
Hamide,Middle Eastern
Hamilton,English-Speaking
Hamish,Oceania
Hamit,Middle Eastern
Hamza,Middle Eastern
Hana,Slavic
Hanir,South Asian
Hanka,Germanic
Hanna,Slavic
Hannah,English-Speaking
Hanne,Nordic
Hanneke,Germanic
Hannelore,Germanic
Hannes,Germanic
Hanni,Germanic
Hanns,Germanic
Hannu,Nordic
Hans,Germanic
Hansi,Germanic
Hansjoerg,Germanic
Hansjörg,Germanic
Hansle,Hispanic
Hansrudi,Germanic
Harald,Germanic
Harbinder,South Asian
Harcharan,South Asian
Harcourt,English-Speaking
Hardyal,South Asian
Hari,South Asian
Harmik,South Asian
Harold,English-Speaking
Harri,Nordic
Harro,Germanic
Harry,English-Speaking
Hartmut,Germanic
Hartwig,Germanic
Haruhiko,East Asian
Haruhiro,East Asian
Haruka,East Asian
Haruki,East Asian
Harvey,English-Speaking
Hasan,Middle Eastern
Hasely,Hispanic
Hasna,North Africa
Hassan,Middle Eastern
Hasse,Nordic
Hassiba,North Africa
Hayat,South Asian
Hayden,Oceania
Haylea,Oceania
Hayley,English-Speaking
Heather,English-Speaking
Hector,Hispanic
Hee,East Asian
Heidemarie,Germanic
Heidi,Nordic
Heike,Germanic
Heikki,Nordic
Heiko,Germanic
Heini,Germanic
Heinrich,Germanic
Heinz,Germanic
Helder,Romance
Helen,English-Speaking
Helena,Slavic
Helene,Germanic
Helga,Germanic
Helge,Nordic
Helia,Hispanic
Hella,Germanic
Helle,Nordic
Hellmut,Germanic
Helmar,Germanic
Helmut,Germanic
Helmuth,Germanic
Hendra,Southeast Asian
Hendricus,Germanic
Hendrik,Germanic
Hendrika,Germanic
Hendrikus,Germanic
Henk,Germanic
Henning,Nordic
Henri,Romance
Henrich,Germanic
Henricus,Germanic
Henriette,Nordic
Henrik,Nordic
Henrique,Hispanic
Henry,English-Speaking
Henryk,Slavic
Herbert,Germanic
Herman,Germanic
Hermann,Germanic
Hermanus,Germanic
Hermawan,Southeast Asian
Hermenegildo,Hispanic
Hermes,Hispanic
Hermine,Germanic
Hernan,Hispanic
Herve,Romance
Hestrie,Sub-Saharan Africa
Hezekiah,Sub-Saharan Africa
Hezekiel,Sub-Saharan Africa
Hicham,North Africa
Hideaki,East Asian
Hidehiko,East Asian
Hideko,East Asian
Hideyuki,East Asian
Hieu,Southeast Asian
Hilda,English-Speaking
Hilde,Germanic
Hildrun,Germanic
Hilkka,Nordic
Hilliard,English-Speaking
Hilma,Hispanic
Hinkelien,Germanic
Hiram,Hispanic
Hiriyuki,East Asian
Hiroaki,East Asian
Hiroko,East Asian
Hiromi,East Asian
Hiroshi,East Asian
Hirotaka,East Asian
Hirotami,East Asian
Hirotoshi,East Asian
Hiroya,East Asian
Hiroyuki,East Asian
Hisakichi,East Asian
Hisashi,East Asian
Hisayoshi,East Asian
Hitoki,East Asian
Hitomi,East Asian
Hitoshi,East Asian
Hjalmar,Nordic
Hjalmart,Nordic
Hjördis,Nordic
Ho,East Asian
Hocine,North Africa
Holger,Nordic
Holly,Oceania
Holmfrid,Nordic
Hoon,East Asian
Hope,English-Speaking
Horace,English-Speaking
Horacio,Hispanic
Horatio,English-Speaking
Horivoje,Slavic
Horst,Germanic
Hortencia,Hispanic
Hossein,Middle Eastern
Howard,English-Speaking
Hrvoje,Slavic
Hrystyna,Slavic
Hubert,Germanic
Hubertus,Germanic
Hugh,English-Speaking
Hughes,Romance
Hugo,Germanic
Hugues,Romance
Hulya,Middle Eastern
Humberto,Hispanic
Huseyin,Middle Eastern
Hussain,South Asian
Hussein,Slavic
Hyang,East Asian
Hye,East Asian
Hyeonju,East Asian
Hyeonwoo,East Asian
Hyleas,English-Speaking
Hyojung,East Asian
Hyon,East Asian
Hyuk,East Asian
Hyun,East Asian
Hyunhee,East Asian
Hyunjin,East Asian
Hyunsung,East Asian
Hélène,Romance
Hüseyin,Middle Eastern
ILSINHO,Hispanic
Iain,English-Speaking
Ian,English-Speaking
Ib,Nordic
Ibrahim,North Africa
Ibrahin,Hispanic
Ichiya,East Asian
Ida,Germanic
Idalmis,Hispanic
Idalys,Hispanic
Ids,Germanic
Iftikar,South Asian
Ignace,English-Speaking
Ignaz,Germanic
Igor,Slavic
Igors,Baltic
Ihor,Slavic
Ikechukwu,Sub-Saharan Africa
Ikhlaq,South Asian
Ikuo,East Asian
Ikuzo,East Asian
Ilario,Romance
Ilija,Slavic
Ilisaine,Hispanic
Ilke,Germanic
Ilona,Germanic
Ilse,Germanic
Ilya,Slavic
Im,East Asian
Imelda,Romance
Imjeong,East Asian
Imke,Germanic
Imran,English-Speaking
Imrich,Slavic
Inamur,South Asian
Inder,South Asian
Ine,Germanic
Ines,Hispanic
Inga,Nordic
Ingamay,Nordic
Inge,Germanic
Ingeborg,Germanic
Ingemar,Nordic
Inger,Nordic
Ingimundur,Nordic
Ingo,Germanic
Ingrid,Germanic
Ingvald,Nordic
Ingvar,Nordic
Inha,Slavic
Injeong,East Asian
Inka,Germanic
Inna,Slavic
Innozenz,Germanic
Ion,Oceania
Iordan,Slavic
Iossif,Slavic
Ippolito,Romance
Iqtidar,South Asian
Irada,Slavic
Irawan,Southeast Asian
Ireen,Germanic
Irena,Slavic
Irene,Germanic
Ireneusz,Slavic
Irfan,Slavic
Iridia,Hispanic
Irina,Slavic
Irini,Slavic
Iris,Germanic
Irma,Germanic
Irvine,English-Speaking
Irving,English-Speaking
Iryna,Slavic
Isaac,English-Speaking
Isabel,Hispanic
Isabell,Germanic
Isabella,English-Speaking
Isabelle,English-Speaking
Isao,East Asian
Iskra,Slavic
Ismail,Slavic
Isobel,English-Speaking
Isolde,Germanic
Israel,Hispanic
Iurii,Slavic
Ivailo,Slavic
Ivan,Slavic
Ivana,Slavic
Ivanka,Slavic
Ivano,Romance
Ivar,Nordic
Ivelina,Slavic
Ivo,Slavic
Ivor,English-Speaking
Iwan,English-Speaking
Iwao,East Asian
Iwona,Slavic
Izabela,Slavic
Izabella,Slavic
Iztok,Slavic
JO,Hispanic
JOHIN,Romance
JULIANA,Hispanic
Jaak,Baltic
Jaap,Germanic
Jacek,Slavic
Jacheol,East Asian
Jacinta,Oceania
Jacinthe,English-Speaking
Jack,English-Speaking
Jackson,Romance
Jacky,Romance
Jacob,Germanic
Jacobine,Germanic
Jacobus,Germanic
Jacomina,Germanic
Jacqueline,Germanic
Jacques,Romance
Jade,Oceania
Jadwiga,Slavic
Jae,East Asian
Jaehyouk,East Asian
Jaejin,East Asian
Jaesuk,East Asian
Jaeyoung,East Asian
Jafar,Middle Eastern
Jagjit,South Asian
Jahangir,South Asian
Jai,Oceania
Jaime,Oceania
Jaipal,South Asian
Jake,English-Speaking
Jakob,Germanic
Jakub,Slavic
Jaman,South Asian
James,English-Speaking
Jamie,English-Speaking
Jamtsying,East Asian
Jan,Slavic
Jana,Germanic
Jane,English-Speaking
Janet,Oceania
Janeth,Hispanic
Jangmi,East Asian
Janice,Oceania
Janina,Germanic
Janine,English-Speaking
Janis,Baltic
Janne,Nordic
Janou,Romance
Janusz,Slavic
Jaqueline,Hispanic
Jared,Oceania
Jari,Nordic
Jarmila,Slavic
Jarome,English-Speaking
Jaromir,Slavic
Jaroslav,Slavic
Jaroslava,Slavic
Jaroslawa,Slavic
Jarrin,Hispanic
Jasey,English-Speaking
Jasmina,Slavic
Jasna,Slavic
Jason,English-Speaking
Jasper,English-Speaking
Jaswant,South Asian
Javier,Hispanic
Jay,Oceania
Jayna,English-Speaking
Jayne,English-Speaking
Jayson,English-Speaking
Jean,Romance
Jeanette,English-Speaking
Jeannette,Germanic
Jeff,English-Speaking
Jeffrey,English-Speaking
Jehan,Romance
Jelica,Slavic
Jenna,Oceania
Jenni,Nordic
Jennie,English-Speaking
Jennifer,English-Speaking
Jenny,Germanic
Jens,Germanic
Jeremy,English-Speaking
Jeret,English-Speaking
Jeroen,Germanic
Jerome,Romance
Jerzy,Slavic
Jesper,Nordic
Jess,Oceania
Jesse,English-Speaking
Jessica,English-Speaking
Jessie,English-Speaking
Jesus,Hispanic
Jette,Nordic
Jetze,Germanic
Jevgenij,Baltic
Ji,East Asian
Jiichiro,East Asian
Jill,English-Speaking
Jillian,English-Speaking
Jim,Romance
Jiman,East Asian
Jimmi,Nordic
Jimmy,Nordic
Jin,East Asian
Jindrich,Slavic
Jinelle,English-Speaking
Jinhee,East Asian
Jinman,East Asian
Jinya,East Asian
Jinyoung,East Asian
Jiri,Slavic
Jirina,Slavic
Jivko,Slavic
Jiyeon,East Asian
Jo,Oceania
Joachim,Germanic
Joan,English-Speaking
Joanet,Hispanic
Joanna,English-Speaking
Joanne,English-Speaking
Joannie,English-Speaking
Joao,Hispanic
Joaquim,Hispanic
Joaquin,Hispanic
Jobst,Germanic
Jocelyn,Romance
Jochen,Germanic
Jodie,Oceania
Joe,English-Speaking
Joel,Hispanic
Joerg,Germanic
Joey,English-Speaking
Joginder,South Asian
Johan,Nordic
Johann,Germanic
Johanna,Germanic
Johannes,Germanic
John,English-Speaking
Johnny,English-Speaking
Joji,East Asian
Jolanda,Germanic
Jon,English-Speaking
Jonas,Nordic
Jonathan,English-Speaking
Jonder,Hispanic
Jong,East Asian
Jonghyun,East Asian
Jongwoo,East Asian
Jongwook,East Asian
Jonny,English-Speaking
Joo,East Asian
Jordan,English-Speaking
Jorge,Hispanic
Jorgelina,Hispanic
Jorgen,Nordic
Jorn,Nordic
Jos,Germanic
Jose,Hispanic
Josef,Slavic
Joseph,Romance
Josepha,Germanic
Josephine,Germanic
Josh,English-Speaking
Joshua,English-Speaking
Josia,Sub-Saharan Africa
Josiah,English-Speaking
Josias,Germanic
Josip,Slavic
Josko,Slavic
Joslyn,English-Speaking
José,Hispanic
Jouko,Nordic
Jovanka,Slavic
Jovica,Slavic
Joyce,Oceania
Jozef,Slavic
Jozefa,Slavic
Juan,Hispanic
Jud,Germanic
Jude,Sub-Saharan Africa
Judith,Germanic
Judy,English-Speaking
Jueri,Baltic
Juha,Nordic
Juhani,Nordic
Jukka,Nordic
Jules,Romance
Julia,Germanic
Julian,English-Speaking
Julie,Oceania
Julien,Romance
Juliet,Oceania
Julio,Hispanic
Julius,Germanic
June,English-Speaking
Jung,East Asian
Junghwa,East Asian
Junghwan,East Asian
Jungjoo,East Asian
Jungkeun,East Asian
Jungo,East Asian
Junichi,East Asian
Junko,East Asian
Junzo,East Asian
Juraj,Slavic
Jure,Slavic
Jurgen,Germanic
Juri,East Asian
Justin,English-Speaking
Justine,Oceania
Justinien,Romance
Justus,Germanic
Justyna,Slavic
Jutaro,East Asian
Jérome,Romance
Jörgen,Nordic
Jürgen,Germanic
Jüri,Baltic
Kaarle,Oceania
Kaarlo,Nordic
Kabyong,East Asian
Kacey,English-Speaking
Kai,East Asian
Kaillie,English-Speaking
Kajetan,Slavic
Kajsa,Nordic
Kalyna,English-Speaking
Kamal,Middle Eastern
Kamen,Slavic
Kamila,Slavic
Kanako,East Asian
Kang,East Asian
Kaori,East Asian
Kapka,Slavic
Kara,English-Speaking
Karel,Slavic
Karen,English-Speaking
Kari,Nordic
Karim,Slavic
Karin,Germanic
Karina,English-Speaking
Karine,English-Speaking
Karl,Germanic
Karlheinz,Germanic
Karlo,Slavic
Karol,Slavic
Karoline,Germanic
Karsten,Germanic
Kasia,English-Speaking
Kasumi,East Asian
Katarina,Nordic
Katarzyna,Slavic
Kate,English-Speaking
Katerina,Slavic
Kateryna,Slavic
Katharine,English-Speaking
Katherine,English-Speaking
Kathleen,English-Speaking
Kathrin,Germanic
Kathryn,English-Speaking
Kathy,English-Speaking
Kati,Germanic
Katica,Slavic
Katie,English-Speaking
Katja,Germanic
Katrin,Germanic
Katrine,Nordic
Katsuhiko,East Asian
Katsuko,East Asian
Katsumi,East Asian
Katsuo,East Asian
Katsutoshi,East Asian
Kay,English-Speaking
Kazim,Middle Eastern
Kazimierz,Slavic
Kazue,East Asian
Kazuhiro,East Asian
Kazuhito,East Asian
Kazumasa,East Asian
Kazumi,East Asian
Kazutaka,East Asian
Kazuto,East Asian
Kazuyoshi,East Asian
Keehee,East Asian
Keeth,English-Speaking
Keigo,East Asian
Keiji,East Asian
Keiko,East Asian
Keith,English-Speaking
Kelli,English-Speaking
Kellie,English-Speaking
Kelly,English-Speaking
Kelvin,Oceania
Kely,Hispanic
Ken,English-Speaking
Kenan,Middle Eastern
Kenichi,East Asian
Kenji,East Asian
Kenkichi,East Asian
Kenneth,English-Speaking
Kenny,English-Speaking
Kenta,East Asian
Kentaro,East Asian
Kenth,Nordic
Kento,East Asian
Kenzo,East Asian
Kerri,English-Speaking
Kerrin,English-Speaking
Kerrith,English-Speaking
Kerron,English-Speaking
Kerry,Oceania
Kerstin,Germanic
Keshava,South Asian
Keshorn,Hispanic
Keston,Hispanic
Kestutis,Baltic
Kevin,English-Speaking
Kexin,East Asian
Khadr,North Africa
Khaled,Middle Eastern
Khalid,North Africa
Khalil,Middle Eastern
Khan,South Asian
Khashbaatar,East Asian
Khassan,Slavic
Khedafi,Romance
Khetag,Slavic
Khotso,Sub-Saharan Africa
Khristo,Slavic
Ki,East Asian
Kianoush,Middle Eastern
Kichun,East Asian
Kie,East Asian
Kiel,Oceania
Kieran,English-Speaking
Kieren,Oceania
Kijoo,East Asian
Kiko,Hispanic
Kikuo,East Asian
Kim,Nordic
Kimberly,English-Speaking
Kimie,East Asian
Kinnear,English-Speaking
Kinuko,East Asian
Kipkemboi,Sub-Saharan Africa
Kiril,Slavic
Kirill,Slavic
Kirk,Oceania
Kirsten,Germanic
Kirstin,English-Speaking
Kirsty,Sub-Saharan Africa
Kitei,East Asian
Kitty,Germanic
Kiyofumi,East Asian
Kiyoko,East Asian
Kiyomi,East Asian
Kjell,Nordic
Kjersti,Nordic
Kjetil,Nordic
Klaas,Germanic
Klara,Germanic
Klas,Nordic
Klaus,Germanic
Klement,Germanic
Knud,Nordic
Knut,Nordic
Kobe,English-Speaking
Kohei,East Asian
Koichi,East Asian
Koichiro,East Asian
Koji,East Asian
Kokichi,East Asian
Komeil,Middle Eastern
Konrad,Germanic
Konstantin,Germanic
Koos,Germanic
Kornelia,Germanic
Kosei,East Asian
Kosta,Slavic
Kostadinka,Slavic
Kosuke,East Asian
Kozue,East Asian
Kraft,Germanic
Krali,Slavic
Krasimira,Slavic
Krassimira,Slavic
Krastio,Slavic
Kresimir,Slavic
Krishnanurthy,South Asian
Krista,English-Speaking
Kristi,Oceania
Kristian,Nordic
Kristie,English-Speaking
Kristin,English-Speaking
Kristina,Germanic
Kristine,Nordic
Kristjan,Baltic
Kristof,Germanic
Kroum,Slavic
Krystyna,Slavic
Krzysztof,Slavic
Kseniia,Slavic
Kulbir,English-Speaking
Kumi,East Asian
Kunihiro,East Asian
Kunishige,East Asian
Kunwar,South Asian
Kurt,Germanic
Kusuma,Southeast Asian
Kusuo,East Asian
Kvetoslava,Slavic
Kwanghyun,East Asian
Kyeong,East Asian
Kyla,English-Speaking
Kyle,English-Speaking
Kylie,Oceania
Kyoji,East Asian
Kyoko,East Asian
Kyung,East Asian
Kyungah,East Asian
Kyungwon,East Asian
Kyösti,Nordic
Käthe,Germanic
LAMBERT,Romance
LILIYANA,Southeast Asian
LONDOT,Romance
LUCAS,Hispanic
Lachlan,Oceania
Ladislav,Slavic
Laetitia,Romance
Lal,South Asian
Lalka,Slavic
Lalonde,Hispanic
Lambertus,Germanic
Lana,English-Speaking
Lancelot,English-Speaking
Lara,Oceania
Larbi,Romance
Larisa,Slavic
Larry,English-Speaking
Lars,Nordic
Larsen,English-Speaking
Larysa,Slavic
Lascelles,English-Speaking
Lasse,Nordic
Latino,Romance
Launceston,English-Speaking
Laura,English-Speaking
Laure,Romance
Lauren,Oceania
Laurence,Oceania
Laurent,Romance
Laurentz,Germanic
Laurien,Germanic
Laurine,Germanic
Lauritz,Germanic
Lavinia,Romance
Lawrence,English-Speaking
Lawrie,English-Speaking
Lazar,Slavic
Lazaro,Hispanic
Leandro,Hispanic
Lebron,English-Speaking
Lech,Slavic
Ledys,Hispanic
Lee,Oceania
Leendert,Germanic
Legna,Hispanic
Leif,Nordic
Leila,Hispanic
Leisel,Oceania
Leith,Oceania
Lena,Germanic
Lene,Nordic
Lenka,Slavic
Lennart,Nordic
Lennox,English-Speaking
Leo,Germanic
Leon,English-Speaking
Leonard,English-Speaking
Leonardo,Romance
Leonel,Hispanic
Leopold,Germanic
Leopoldo,Southeast Asian
Leroy,English-Speaking
Les,Oceania
Leslaw,Slavic
Lesley,English-Speaking
Leslie,English-Speaking
Lesya,Slavic
Leszek,Slavic
Levi,English-Speaking
Lewis,English-Speaking
Liam,English-Speaking
Liana,Hispanic
Liane,Oceania
Libby,Oceania
Libero,Romance
Libor,Slavic
Lidewij,Germanic
Lidia,Slavic
Liese,Germanic
Lieuwe,Germanic
Lilia,Slavic
Lilian,Hispanic
Lilies,Southeast Asian
Lillian,English-Speaking
Lilly,Germanic
Lily,Nordic
Lina,Nordic
Linda,Germanic
Lindsay,English-Speaking
Lindsey,English-Speaking
Line,Nordic
Linford,English-Speaking
Linlin,East Asian
Linsey,English-Speaking
Lionel,Romance
Lisa,Oceania
Lisbeth,Oceania
Lise,Oceania
Liselott,Germanic
Liudmila,Slavic
Liutvi,Slavic
Liv,Nordic
Livan,Hispanic
Livio,Romance
Liz,Oceania
Ljiljana,Slavic
Ljubinka,Slavic
Ljubisa,Slavic
Ljubomir,Slavic
Lloyd,English-Speaking
Lobke,Germanic
Lode,Romance
Logi,Nordic
Lorenz,Germanic
Lorenzo,Romance
Loretta,Oceania
Lori,English-Speaking
Loris,Romance
Lorne,English-Speaking
Lorraine,Oceania
Lothar,Germanic
Lotte,Nordic
Lou,English-Speaking
Loudy,Oceania
Louis,Romance
Louisa,Germanic
Louischarles,English-Speaking
Louise,Nordic
Lourdes,Hispanic
Lovieanne,English-Speaking
Lovro,Slavic
Luan,Germanic
Lubomir,Slavic
Lubos,Slavic
Lubtcho,Slavic
Luc,Romance
Luca,Romance
Lucas,English-Speaking
Lucia,Romance
Luciana,Hispanic
Luciano,Romance
Lucie,English-Speaking
Lucien,Romance
Lucija,Slavic
Lucile,English-Speaking
Lucille,English-Speaking
Lucinda,Oceania
Lucio,Romance
Lucjan,Slavic
Lucy,English-Speaking
Lucyna,Slavic
Ludek,Slavic
Ludevit,Slavic
Ludger,Germanic
Ludmila,Slavic
Ludomir,Slavic
Ludovic,Romance
Ludovico,Hispanic
Ludvik,Slavic
Ludwig,Germanic
Luigi,Romance
Luigina,Romance
Luis,Hispanic
Luisa,Hispanic
Luise,Germanic
Luiz,Hispanic
Luiza,Slavic
Luka,English-Speaking
Lukas,Slavic
Lukasz,Slavic
Luke,Oceania
Lutz,Germanic
Luzia,Germanic
Luzius,Germanic
Lydia,Oceania
Lynda,Germanic
Lyndon,Sub-Saharan Africa
Lyndsie,Oceania
Lyne,English-Speaking
Lynette,Oceania
Lynley,Oceania
Lynn,English-Speaking
Lyudmila,Slavic
Lyudmyla,Slavic
Léo,Romance
Léon,Romance
Léonard,Romance
Léonce,Romance
Léopold,Romance
MACAIRE,Romance
MARCELINHO,Hispanic
MARCELO,Hispanic
MAURINE,Hispanic
MONICA,Hispanic
Maarten,Germanic
Maartje,Germanic
Mabel,English-Speaking
Mac,English-Speaking
Macarena,Romance
Macha,Germanic
Maciej,Slavic
Maciel,Hispanic
Maddalena,Romance
Madeleine,Germanic
Mads,Nordic
Maelle,English-Speaking
Maels,Hispanic
Magali,Germanic
Magaly,Hispanic
Magdalena,Slavic
Magnus,Nordic
Mahammatkodir,Slavic
Maharaj,South Asian
Mahiedine,Romance
Mahmoud,Middle Eastern
Mahmud,South Asian
Mahmut,Middle Eastern
Mai,East Asian
Maialen,Romance
Maike,Germanic
Maikel,Germanic
Maiko,East Asian
Maiya,Slavic
Maja,Nordic
Majda,Slavic
Maki,East Asian
Makoto,East Asian
Malcolm,English-Speaking
Malgorzata,Slavic
Malia,Romance
Malik,Middle Eastern
Malkolm,English-Speaking
Mamo,Sub-Saharan Africa
Mamoru,East Asian
Mana,East Asian
Manabu,East Asian
Mandy,Germanic
Manfred,Germanic
Mangiante,Romance
Manja,Germanic
Manny,English-Speaking
Manoel,Hispanic
Manol,Slavic
Manolo,Hispanic
Manon,English-Speaking
Mansour,Middle Eastern
Manuchar,Slavic
Manuel,Hispanic
Manuela,Germanic
Mao,East Asian
Mara,Romance
Marc,Romance
Marceau,Romance
Marcel,Romance
Marcello,Romance
Marcelo,Hispanic
Marcia,English-Speaking
Marcin,Slavic
Marcio,Hispanic
Marco,Romance
Marcos,Romance
Marcus,Germanic
Maree,Oceania
Marek,Slavic
Maren,Germanic
Marga,Germanic
Margaret,English-Speaking
Margarete,Germanic
Margarita,Slavic
Margaux,Romance
Margherita,Romance
Margit,Nordic
Margot,Germanic
Margriet,Germanic
Marguerite,Romance
Margunn,Nordic
Maria,Hispanic
Marian,Slavic
Mariana,Slavic
Marianne,Germanic
Marid,Slavic
Marie,Romance
Marieke,Germanic
Mariel,English-Speaking
Marija,Slavic
Marika,Germanic
Mariko,East Asian
Marilyn,English-Speaking
Marina,Slavic
Marine,Hispanic
Marinella,Romance
Marino,Romance
Marinus,Germanic
Mario,Romance
Marion,English-Speaking
Maris,Baltic
Marisabel,Romance
Marissa,Oceania
Marit,Nordic
Marita,English-Speaking
Marius,English-Speaking
Mariusz,Slavic
Mariya,Slavic
Marja,Slavic
Marjan,Slavic
Marjatta,Nordic
Marjo,Nordic
Marjorie,English-Speaking
Mark,English-Speaking
Markis,Southeast Asian
Markku,Germanic
Marko,Germanic
Markus,Germanic
Marleen,Germanic
Marlene,Oceania
Marlenis,Hispanic
Marlies,Germanic
Marlon,English-Speaking
Marnie,English-Speaking
Maro,Slavic
Marquardt,Germanic
Marta,Romance
Marten,Germanic
Martha,Germanic
Martijn,Germanic
Martijntje,Germanic
Martin,Germanic
Martina,Germanic
Martine,Germanic
Martins,Baltic
Martti,Nordic
Martyn,English-Speaking
Mary,English-Speaking
Maryleen,Oceania
Maryna,Slavic
Maryvonne,Romance
Masae,East Asian
Masafumi,East Asian
Masahide,East Asian
Masahiko,East Asian
Masahiro,East Asian
Masahito,East Asian
Masaji,East Asian
Masaki,East Asian
Masako,East Asian
Masami,East Asian
Masamitsu,East Asian
Masanori,East Asian
Masao,East Asian
Masashi,East Asian
Masato,East Asian
Masayuki,East Asian
Maseko,East Asian
Massimiliano,Romance
Massimo,Romance
Massinet,Hispanic
Masud,South Asian
Masuod,Middle Eastern
Mate,Slavic
Matej,Romance
Mateja,Slavic
Mateusz,Slavic
Mathew,Oceania
Mathias,English-Speaking
Mathieu,English-Speaking
Mathilde,Germanic
Matias,Hispanic
Matija,Slavic
Matjaz,Slavic
Mats,Nordic
Matt,English-Speaking
Matteo,Romance
Matthew,Oceania
Matthias,Germanic
Matti,Nordic
Mattias,Nordic
Matylda,Slavic
Maude,Nordic
Maulen,Slavic
Maureen,English-Speaking
Mauri,Nordic
Maurice,Romance
Mauricio,Hispanic
Mauritius,Germanic
Maurits,Germanic
Maurizio,Romance
Mauro,Romance
Maurren,Hispanic
Max,Germanic
Maxi,Germanic
Maxim,Slavic
Maximilian,Germanic
Maxwell,English-Speaking
Maya,Germanic
Maybelis,Hispanic
Mayra,Hispanic
Mayuko,East Asian
Mayumi,East Asian
Mbulaeni,Sub-Saharan Africa
Mclain,English-Speaking
Meaghan,English-Speaking
Megan,English-Speaking
Meghan,English-Speaking
Megu,East Asian
Mehdi,Romance
Mehmed,Slavic
Mehmet,Middle Eastern
Meike,Germanic
Meinrad,Germanic
Melaine,Hispanic
Melania,Romance
Melanie,Germanic
Melchior,Germanic
Meldric,South Asian
Melissa,Oceania
Melitta,Germanic
Mellisa,English-Speaking
Mercedes,Hispanic
Merel,Germanic
Merete,Nordic
Merlene,Hispanic
Mersada,Slavic
Mervyn,Oceania
Merwyn,Oceania
Meryl,English-Speaking
Meseret,Sub-Saharan Africa
Mette,Nordic
Mia,Oceania
Micah,English-Speaking
Michael,Germanic
Michal,Slavic
Michel,Romance
Michele,Romance
Micheline,Romance
Michelle,Oceania
Michellie,Oceania
Michiel,Germanic
Michihiro,East Asian
Michiko,East Asian
Michiyo,East Asian
Mickael,Romance
Midori,East Asian
Mieczyslaw,Slavic
Mietje,Germanic
Miguel,Hispanic
Miguelina,Hispanic
Miho,East Asian
Mihovil,Slavic
Mijain,Hispanic
Mika,East Asian
Mikael,Nordic
Mikako,East Asian
Mike,English-Speaking
Mikhail,Germanic
Mikhaïl,Slavic
Mikho,Slavic
Miki,East Asian
Mikio,East Asian
Mikko,Nordic
Milada,Slavic
Milan,Slavic
Mildred,English-Speaking
Mile,Slavic
Milen,Slavic
Milena,Slavic
Milenko,Slavic
Miles,English-Speaking
Milica,Slavic
Milivoj,Slavic
Milko,Slavic
Millon,Sub-Saharan Africa
Milorad,Slavic
Miloslav,Slavic
Miloslava,Slavic
Milosz,Slavic
Milovan,Slavic
Miltcho,Slavic
Milton,Hispanic
Milutin,Slavic
Min,East Asian
Mindaugas,Baltic
Ming,East Asian
Minhee,East Asian
Minho,East Asian
Mink,Germanic
Minke,Germanic
Mino,Romance
Mintcho,Slavic
Miodrag,Slavic
Mira,Slavic
Miran,East Asian
Mireia,Romance
Miriam,Germanic
Mirjam,Germanic
Mirjana,Slavic
Mirko,Slavic
Mirl,Germanic
Miroslav,Slavic
Miroslava,Slavic
Miroslaw,Slavic
Mirsad,Slavic
Miruts,Sub-Saharan Africa
Mirza,Slavic
Misako,East Asian
Misato,East Asian
Misty,English-Speaking
Mitar,Slavic
Mitch,Oceania
Mithat,Middle Eastern
Mitsuo,East Asian
Miwako,East Asian
Miya,East Asian
Miyako,East Asian
Miyoko,East Asian
Miyoung,East Asian
Mizuho,East Asian
Mizuki,East Asian
Mkkhitar,Slavic
Mladen,Slavic
Mogamed,Slavic
Mogens,Nordic
Mohamed,North Africa
Mohammad,Middle Eastern
Mohammed,Sub-Saharan Africa
Mohan,Oceania
Molly,English-Speaking
Momir,Slavic
Monday,Sub-Saharan Africa
Monica,English-Speaking
Monika,Germanic
Monique,English-Speaking
Montagu,English-Speaking
Montgomery,English-Speaking
Moritz,Germanic
Morris,English-Speaking
Morten,Nordic
Motoko,East Asian
Moulay,North Africa
Movlud,Slavic
Moyses,Hispanic
Mudassar,South Asian
Muhamed,Slavic
Muhammad,South Asian
Muhlis,Middle Eastern
Mujahid,South Asian
Mukhran,Slavic
Munir,South Asian
Muniswamy,South Asian
Munji,East Asian
Munkhbayar,Germanic
Muriel,English-Speaking
Murray,Oceania
Musa,Sub-Saharan Africa
Mustafa,Middle Eastern
Mustapha,North Africa
Myeong,East Asian
Mykola,Slavic
Mylene,Romance
Mylie,English-Speaking
Myong,East Asian
Myriam,Romance
Myrtle,English-Speaking
Müzahir,Middle Eastern
NARCISO,Hispanic
Nabiba,Sub-Saharan Africa
Nachiro,East Asian
Nadezhda,Slavic
Nadia,Germanic
Nadine,Germanic
Nadka,Slavic
Naftali,Sub-Saharan Africa
Naho,East Asian
Nahomi,East Asian
Naim,Middle Eastern
Nalbert,Hispanic
Namig,Slavic
Namsun,East Asian
Nancy,English-Speaking
Nanna,Nordic
Nao,East Asian
Naoko,East Asian
Naomi,East Asian
Naoto,East Asian
Naoya,East Asian
Nasser,Middle Eastern
Natalia,Slavic
Natalie,Oceania
Nataliia,Slavic
Nataliya,Slavic
Natallia,Slavic
Natalya,Slavic
Natascha,Germanic
Nate,English-Speaking
Nathalie,English-Speaking
Nathan,Oceania
Natsumi,East Asian
Navina,Germanic
Nawal,North Africa
Nawaz,South Asian
Nazmi,Middle Eastern
Nazuh,Middle Eastern
Nduka,Sub-Saharan Africa
Nebojsa,Slavic
Necmi,Middle Eastern
Nedelcho,Slavic
Nedjet,Slavic
Nedo,Romance
Neil,English-Speaking
Neisser,Hispanic
Nelleke,Germanic
Nellie,English-Speaking
Nelson,Hispanic
Nenad,Slavic
Nerguy,East Asian
Nermedin,Slavic
Nesta,Hispanic
Nestor,Hispanic
Neville,English-Speaking
Niccolo,Romance
Nicholas,Oceania
Nick,English-Speaking
Nicklas,Nordic
Nicky,English-Speaking
Niclas,Nordic
Nico,Germanic
Nicola,English-Speaking
Nicolaas,Germanic
Nicolas,Romance
Nicole,Germanic
Nicolette,Germanic
Nicolien,Germanic
Nicolo,Romance
Niels,Nordic
Nienke,Germanic
Nigel,English-Speaking
Nikita,Oceania
Niklas,Nordic
Niklaus,Germanic
Nikola,Slavic
Nikolai,Slavic
Nikolaus,Germanic
Nikolay,Slavic
Nikolaï,Slavic
Nikole,Hispanic
Nikolina,Slavic
Niksa,Slavic
Nils,Nordic
Nimrod,Oceania
Nina,Nordic
Ninna,Nordic
Nino,Romance
Nixon,Sub-Saharan Africa
Noah,Sub-Saharan Africa
Nobuharu,East Asian
Nobuhiko,East Asian
Nobuo,East Asian
Nobutaka,East Asian
Nobuyuki,East Asian
Noel,English-Speaking
Noemi,Hispanic
Nojim,Sub-Saharan Africa
Nonka,Slavic
Norair,Slavic
Norbert,English-Speaking
Norberto,Hispanic
Norge,Hispanic
Norie,East Asian
Norihiro,East Asian
Noriko,East Asian
Noritoshi,East Asian
Norka,Hispanic
Norma,Oceania
Norman,English-Speaking
Normnan,English-Speaking
Norris,English-Speaking
Nouzha,North Africa
Nova,Oceania
Novak,Slavic
Novelene,Hispanic
Novlene,Hispanic
Noël,Romance
Nuno,Romance
Nur,Middle Eastern
Nurcan,Middle Eastern
Nwankwo,Sub-Saharan Africa
Octavio,Hispanic
Ognian,Slavic
Ognjen,Slavic
Ok,East Asian
Okechukwu,Sub-Saharan Africa
Oksana,Slavic
Oktay,Germanic
Oladapo,Sub-Saharan Africa
Olaf,Germanic
Olafur,Nordic
Olapade,Sub-Saharan Africa
Oldrich,Slavic
Ole,Nordic
Oleg,Slavic
Oleksandr,Slavic
Oleksiy,Slavic
Olena,Slavic
Olesya,Slavic
Olga,Slavic
Olha,Slavic
Oliver,Germanic
Olivia,Oceania
Olivier,Romance
Olle,Nordic
Olli,Nordic
Olof,Nordic
Olubayo,Sub-Saharan Africa
Oludamola,Sub-Saharan Africa
Oluf,Nordic
Olusoji,Sub-Saharan Africa
Omar,Hispanic
Omer,Romance
Omero,Romance
Omid,Middle Eastern
Ona,East Asian
Ondrej,Slavic
Onyekachi,Sub-Saharan Africa
Orazio,Romance
Oreste,Romance
Orestes,Hispanic
Orhan,Germanic
Oribe,Hispanic
Orlando,Hispanic
Ortrun,Germanic
Osamu,East Asian
Oscar,Hispanic
Oskar,Germanic
Osleidys,Hispanic
Osmai,Hispanic
Osman,Slavic
Osmanis,Hispanic
Osmany,Hispanic
Osmond,Sub-Saharan Africa
Ossi,Germanic
Ossian,Nordic
Ossie,English-Speaking
Osvaldo,Hispanic
Oswald,English-Speaking
Ota,Slavic
Otakar,Slavic
Othmar,Germanic
Ottavio,Romance
Otto,Germanic
Ottokar,Germanic
Ottorino,Romance
Otylia,Slavic
Oussama,North Africa
Oving,Nordic
Owen,English-Speaking
Oxana,Slavic
Ozren,Slavic
PELTIER,Romance
PESLOY,Romance
PRETINHA,Hispanic
Pablo,Hispanic
Paddy,English-Speaking
Paea,Oceania
Paivi,Nordic
Pamela,English-Speaking
Panayot,Slavic
Paola,Romance
Paolo,Romance
Parviz,Middle Eastern
Pascal,Romance
Pascale,Romance
Pascual,Hispanic
Pasquale,Romance
Pastorini,Romance
Patric,Germanic
Patrice,Romance
Patricia,English-Speaking
Patrick,English-Speaking
Patrik,Slavic
Patrizio,Romance
Paul,Romance
Paula,Germanic
Paulin,Romance
Paulina,Germanic
Paulo,Hispanic
Paulus,Germanic
Pavel,Slavic
Pavle,Slavic
Pavol,Slavic
Pawel,Slavic
Pawina,Southeast Asian
Peder,Nordic
Pedro,Hispanic
Peer,Nordic
Pelle,Nordic
Penelope,English-Speaking
Penny,English-Speaking
Pepi,Germanic
Pepijn,Germanic
Per,Nordic
Percival,English-Speaking
Percy,English-Speaking
Perica,Slavic
Pernilla,Nordic
Perrine,Romance
Pertti,Nordic
Peta,Oceania
Petar,Slavic
Pete,English-Speaking
Peter,Germanic
Petersen,Nordic
Petkana,Slavic
Petko,Slavic
Petr,Slavic
Petra,Germanic
Petronella,Germanic
Petrus,Germanic
Phajol,Southeast Asian
Phelan,English-Speaking
Phil,English-Speaking
Philip,English-Speaking
Philipp,English-Speaking
Philippa,English-Speaking
Philippe,Romance
Phillip,Oceania
Phillipp,Germanic
Philomenia,Oceania
Phylis,English-Speaking
Phyllis,English-Speaking
Pier,Romance
Pierfranco,Romance
Pierino,Romance
Pierluigi,Romance
Piero,Romance
Pierpaolo,Romance
Pierre,Romance
Piet,Germanic
Pieta,Germanic
Pieter,Germanic
Pietro,Romance
Pil,East Asian
Pilhee,East Asian
Pimsiri,Southeast Asian
Piotr,Slavic
Pippa,English-Speaking
Pirkko,Nordic
Pirmin,Germanic
Pius,Germanic
Polona,Slavic
Polydore,Romance
Pornchai,Southeast Asian
Poul,Nordic
Prapawadee,Southeast Asian
Preben,Nordic
Predrag,Slavic
Premysl,Slavic
Primo,Romance
Priscah,Sub-Saharan Africa
Priscilla,English-Speaking
Prodan,Slavic
Prospère,Romance
Prvoslav,Slavic
Przemyslaw,Slavic
Qamar,South Asian
RAFAEL,Hispanic
RAFINHA,Hispanic
RAMIRES,Hispanic
RENAN,Hispanic
RENATA,Hispanic
RIVALDO,Hispanic
ROBERTO,Hispanic
RONALDO,Hispanic
ROSANA,Hispanic
ROSELI,Hispanic
Rabod,Germanic
Rachael,Oceania
Rachel,English-Speaking
Rachelle,English-Speaking
Rachid,North Africa
Rada,Slavic
Radivoje,Slavic
Radmila,Slavic
Radomir,Slavic
Radoslav,Slavic
Radoslaw,Slavic
Raelene,Oceania
Raema,Southeast Asian
Rafael,Hispanic
Rafal,Slavic
Raffaello,Romance
Raghbir,South Asian
Ragnar,Nordic
Ragnhild,Nordic
Ragnild,Nordic
Raimondo,Romance
Raimund,Germanic
Raimundo,Hispanic
Rainer,Germanic
Raisa,Hispanic
Raj,English-Speaking
Rajko,Slavic
Rajyavardhan,South Asian
Rakhim,Slavic
Ralf,Germanic
Ralpf,English-Speaking
Ralph,English-Speaking
Ramaz,Slavic
Ramazan,Middle Eastern
Ramiro,Hispanic
Ramon,Hispanic
Ramona,Germanic
Ramunas,Baltic
Ramzy,Middle Eastern
Randhir,South Asian
Randy,English-Speaking
Rang,East Asian
Ranganandhan,South Asian
Rangel,Slavic
Ranomi,Germanic
Raoul,Romance
Raphael,Romance
Raquel,Hispanic
Rares,Romance
Rashid,South Asian
Rasmus,Nordic
Rasool,South Asian
Rasul,Middle Eastern
Ratko,Slavic
Raul,Hispanic
Rauno,Nordic
Ravi,English-Speaking
Raymond,Romance
Razif,Southeast Asian
Razija,Slavic
Razvan,Romance
Rebecca,Oceania
Rebekka,Slavic
Rechelle,Oceania
Reema,English-Speaking
Refik,Slavic
Regan,Oceania
Reggie,Germanic
Regina,Germanic
Reginald,English-Speaking
Regine,Germanic
Regla,Hispanic
Rei,East Asian
Reidun,English-Speaking
Reika,East Asian
Reiko,East Asian
Reima,Nordic
Reinaldo,Hispanic
Reindert,Germanic
Reiner,Germanic
Reinfried,Germanic
Reinhard,Germanic
Reinhold,Germanic
Reizo,East Asian
Remco,Germanic
Ren,East Asian
Renan,Hispanic
Renata,Slavic
Renate,Germanic
Renato,Romance
Renco,Slavic
Rene,Romance
Renee,Romance
Reni,Slavic
Renita,Oceania
Reno,Nordic
Renzo,Romance
René,Romance
Renée,Germanic
Resi,Germanic
Reto,Germanic
Reuben,English-Speaking
Rex,Oceania
Rexy,Southeast Asian
Rey,Hispanic
Rhona,English-Speaking
Ria,Germanic
Ricarda,Hispanic
Ricardo,Hispanic
Riccardo,Romance
Ricco,Germanic
Richard,English-Speaking
Richmond,Oceania
Rickard,Nordic
Ricky,Southeast Asian
Rico,Germanic
Rifat,Germanic
Rikard,Nordic
Riki,East Asian
Rikke,Nordic
Rino,Romance
Rishod,Slavic
Risto,Nordic
Rita,Germanic
Rius,Germanic
Riza,Middle Eastern
Rob,Oceania
Robbert,Germanic
Robelis,Hispanic
Robert,English-Speaking
Roberta,Romance
Roberto,Romance
Robin,English-Speaking
Robyn,Oceania
Roddy,Romance
Roderick,Germanic
Rodion,Slavic
Rodney,Oceania
Rodolfo,Hispanic
Roel,Southeast Asian
Roelof,Germanic
Rogelio,Hispanic
Roger,Romance
Rogerio,Hispanic
Rogier,Germanic
Rohan,Oceania
Roland,Germanic
Rolando,Hispanic
Rolf,Germanic
Roline,Germanic
Roman,Slavic
Romanas,Baltic
Romano,Romance
Romario,Hispanic
Romeo,Romance
Romina,Romance
Romolo,Romance
Ronald,English-Speaking
Ronaldo,Hispanic
Ronda,English-Speaking
Roniel,Hispanic
Ronnie,Nordic
Ronny,Germanic
Roop,South Asian
Rosa,Hispanic
Rosalba,Romance
Rosannagh,English-Speaking
Rosario,Romance
Rose,Germanic
Roseli,Hispanic
Rosemarie,Germanic
Rosemary,Oceania
Rosi,Germanic
Rositsa,Slavic
Ross,English-Speaking
Rossano,Romance
Rostislav,Slavic
Roswitha,Germanic
Rotimi,Sub-Saharan Africa
Rowie,Oceania
Rowland,English-Speaking
Rowley,English-Speaking
Roxana,Romance
Roxbert,Hispanic
Roy,English-Speaking
Ruben,Hispanic
Rudiger,Germanic
Rudolf,Germanic
Rudolh,Germanic
Rudy,Romance
Rufino,Hispanic
Ruggero,Romance
Ruhi,Middle Eastern
Rui,Hispanic
Rumeliana,Slavic
Rumen,Slavic
Rumiana,Slavic
Rumyana,Slavic
Rune,Nordic
Rupert,English-Speaking
Ruperto,Hispanic
Ruslan,Slavic
Russ,English-Speaking
Russell,Oceania
Rustam,Slavic
Rustamhodza,Germanic
Ruta,Baltic
Ruth,English-Speaking
Ryan,English-Speaking
Ryk,Sub-Saharan Africa
Ryo,East Asian
Ryohei,East Asian
Ryoji,East Asian
Ryoko,East Asian
Ryosuke,East Asian
Ryota,East Asian
Ryszard,Slavic
Rytis,Baltic
Ryuichi,East Asian
Ryutaro,East Asian
Rémy,Romance
Rüdiger,Germanic
SAUTREAU,Romance
SAVIO,Hispanic
SIMONE,Hispanic
Saabit,Slavic
Saban,Slavic
Sabina,Romance
Sabine,Germanic
Sachiko,East Asian
Sada,English-Speaking
Sadayoshi,East Asian
Sadegh,Middle Eastern
Saeed,South Asian
Saehyuk,East Asian
Saeko,East Asian
Saho,East Asian
Said,Middle Eastern
Saina,South Asian
Saint,English-Speaking
Sajjad,Middle Eastern
Saki,East Asian
Saleem,South Asian
Saleh,North Africa
Sally,English-Speaking
Salvatore,Romance
Sam,Oceania
Samantha,English-Speaking
Sami,English-Speaking
Samuel,English-Speaking
Samuele,Romance
Sander,Germanic
Sandie,English-Speaking
Sandra,Germanic
Sandro,Romance
Sandy,Oceania
Sangeun,East Asian
Sani,Sub-Saharan Africa
Sanjay,Hispanic
Sante,Romance
Santiago,Hispanic
Santos,Hispanic
Sanya,English-Speaking
Saori,East Asian
Sara,English-Speaking
Sarah,English-Speaking
Sardar,South Asian
Sarka,Slavic
Sarunas,Baltic
Sasa,Slavic
Sascha,Germanic
Saskia,Germanic
Sata,East Asian
Satoko,East Asian
Satomi,East Asian
Satoshi,East Asian
Saul,Hispanic
Saulius,Baltic
Sava,Slavic
Saverio,Romance
Sawao,East Asian
Sayaka,East Asian
Sayed,South Asian
Schillonie,Hispanic
Scott,English-Speaking
Se,East Asian
Sean,English-Speaking
Sebastian,Germanic
Sebastiano,Romance
Sebastiao,Hispanic
Sebastien,Romance
Sedat,Middle Eastern
Seiichiro,East Asian
Seiji,East Asian
Seiki,East Asian
Seiko,East Asian
Seimone,English-Speaking
Selina,Oceania
Selwyn,Oceania
Seok,East Asian
Seokho,East Asian
Seongok,East Asian
Serafim,Slavic
Serafino,Romance
Serdamba,East Asian
Sereeter,East Asian
Serena,English-Speaking
Serge,Romance
Sergei,Germanic
Sergejus,Baltic
Sergey,Slavic
Sergij,Slavic
Sergio,Romance
Sergiusz,Slavic
Sergiy,Slavic
Serik,Slavic
Servet,Middle Eastern
Servilio,Hispanic
Setsuko,East Asian
Seung,East Asian
Seunghwan,East Asian
Seungjun,East Asian
Seungmin,East Asian
Seungyuop,East Asian
Sevdalin,Slavic
Severine,Romance
Severino,Romance
Seweryn,Slavic
Seyedmorad,Middle Eastern
Shahar,Middle Eastern
Shahid,South Asian
Shahin,Slavic
Shahnaz,South Asian
Shaikh,Middle Eastern
Shalane,English-Speaking
Shamseddin,Middle Eastern
Shane,Oceania
Shani,English-Speaking
Shankar,South Asian
Shannon,English-Speaking
Sharon,English-Speaking
Sharron,English-Speaking
Shaun,English-Speaking
Shawn,English-Speaking
Shayne,Oceania
Shea,English-Speaking
Sheena,English-Speaking
Sheilla,Hispanic
Shelda,Hispanic
Shelley,English-Speaking
Shereefa,Hispanic
Shericka,Hispanic
Sherone,Hispanic
Shigeki,East Asian
Shigeo,East Asian
Shigeru,East Asian
Shingo,East Asian
Shinichi,East Asian
Shinichiro,East Asian
Shinji,East Asian
Shinobu,East Asian
Shinya,East Asian
Shiori,East Asian
Shirley,English-Speaking
Shiro,East Asian
Shizuka,East Asian
Shohashi,East Asian
Shoko,East Asian
Shozo,East Asian
Shuji,East Asian
Shun,East Asian
Shunkichi,East Asian
Shunpei,East Asian
Sibelis,Hispanic
Sideris,Germanic
Sidnei,Hispanic
Sidney,English-Speaking
Siegfried,Germanic
Sigfrid,Nordic
Sigfus,Nordic
Sigisfredo,Romance
Sigismund,Germanic
Signe,Nordic
Sigrid,Germanic
Sigurd,Nordic
Sigvard,Nordic
Siika,Slavic
Silje,Nordic
Silke,Germanic
Silken,English-Speaking
Silvan,Germanic
Silvano,Romance
Silvester,Slavic
Silvia,Hispanic
Silvijo,Slavic
Silvio,Romance
Simeon,Slavic
Simeone,Romance
Simmone,English-Speaking
Simon,English-Speaking
Simone,Romance
Singh,South Asian
Sinisa,Slavic
Sixten,Nordic
Sixto,Hispanic
Sizwe,Sub-Saharan Africa
Slavcho,Slavic
Slavko,Slavic
Slawomir,Slavic
Slobodan,Slavic
Snezhana,Slavic
Snorri,Nordic
So,East Asian
Sofia,Romance
Sofija,Slavic
Sofus,Nordic
Sohen,English-Speaking
Solenne,Romance
Solomon,Sub-Saharan Africa
Solveig,Nordic
Somaya,South Asian
Somjit,Southeast Asian
Song,East Asian
Soni,Southeast Asian
Sonia,English-Speaking
Sonja,Germanic
Soon,Southeast Asian
Soonchul,East Asian
Soonyoung,East Asian
Sophie,Romance
Sophus,Nordic
Soren,Nordic
Soslan,Slavic
Soto,Hispanic
Spartaco,Romance
Sri,Southeast Asian
Stacey,English-Speaking
Stacy,English-Speaking
Stancho,Slavic
Stane,Slavic
Stanislas,Germanic
Stanislav,Slavic
Stanislaw,Slavic
Stanislawa,Slavic
Stanka,Slavic
Stanley,English-Speaking
Steen,Nordic
Steeve,Romance
Stefan,Germanic
Stefania,Romance
Stefanie,Germanic
Stefano,Romance
Steffen,Germanic
Steffi,Germanic
Stefka,Slavic
Stella,Germanic
Stellan,Nordic
Stepanka,Slavic
Stephan,Germanic
Stephane,Romance
Stephanie,English-Speaking
Stephen,English-Speaking
Sterling,English-Speaking
Stev,Germanic
Stevan,Slavic
Steve,English-Speaking
Steven,English-Speaking
Stewart,English-Speaking
Stig,Nordic
Stine,Nordic
Stjepan,Slavic
Stoian,Slavic
Stojan,Slavic
Stojko,Slavic
Storm,Oceania
Stoyan,Slavic
Stuart,Oceania
Sture,Nordic
Su,East Asian
Sue,English-Speaking
Suguru,East Asian
Suk,East Asian
Sukhbaatar,East Asian
Sukra,Slavic
Sukyoung,East Asian
Sumie,East Asian
Sumika,East Asian
Sumio,East Asian
Sun,East Asian
Sunday,Sub-Saharan Africa
Sune,Nordic
Sung,East Asian
Sungdong,East Asian
Sungryong,East Asian
Suriya,Southeast Asian
Susan,English-Speaking
Susann,Nordic
Susanne,Germanic
Susanthika,South Asian
Sushil,South Asian
Susi,Southeast Asian
Suzan,Germanic
Suzanne,Oceania
Suzie,Oceania
Suzy,Oceania
Svante,Nordic
Sven,Nordic
Svend,Nordic
Svenja,Germanic
Svetla,Slavic
Svetlana,Slavic
Svetoslav,Slavic
Svilen,Slavic
Sybil,English-Speaking
Sybille,Germanic
Sylke,Germanic
Sylvain,Romance
Sylve,Nordic
Sylvia,English-Speaking
Sylvie,English-Speaking
Sylwia,Slavic
Szymon,Slavic
Sönke,Germanic
Sören,Nordic
TANIA,Hispanic
TARTARA,Romance
THIAGO,Hispanic
TRINITE,Romance
TRIYATNO,Southeast Asian
Tabare,Hispanic
Tadahiro,East Asian
Tadahito,East Asian
Tadanori,East Asian
Tadao,East Asian
Tadayoshi,East Asian
Tadeusz,Slavic
Tae,East Asian
Taehee,East Asian
Taehwan,East Asian
Taehyon,East Asian
Taejin,East Asian
Taek,East Asian
Taeko,East Asian
Tage,Nordic
Tahar,North Africa
Taimaris,Hispanic
Taimuraz,Slavic
Takaharu,East Asian
Takahiro,East Asian
Takako,East Asian
Takanobu,East Asian
Takanori,East Asian
Takao,East Asian
Takashi,East Asian
Takayuki,East Asian
Takehide,East Asian
Takehiro,East Asian
Takeichi,East Asian
Takeshi,East Asian
Takuya,East Asian
Talmo,Hispanic
Tamari,English-Speaking
Tamika,English-Speaking
Tammy,English-Speaking
Tandara,Hispanic
Taner,Middle Eastern
Tania,Slavic
Taniele,Oceania
Taniko,East Asian
Tanja,Germanic
Tanwir,South Asian
Tanya,Hispanic
Tanyu,Slavic
Tapio,Nordic
Tariq,South Asian
Tarnee,Oceania
Tarsem,South Asian
Taryn,Oceania
Tatiana,Slavic
Tatjana,Germanic
Tatsuhiro,East Asian
Tatsuyoshi,East Asian
Tatyana,Slavic
Tauqeer,South Asian
Tayshaun,English-Speaking
Tayyiba,English-Speaking
Ted,English-Speaking
Teignmouth,English-Speaking
Teijiro,East Asian
Teodor,Slavic
Teofilo,Hispanic
Terence,English-Speaking
Teresa,English-Speaking
Tereza,Slavic
Terrence,English-Speaking
Terry,English-Speaking
Teruki,East Asian
Tesfaye,Sub-Saharan Africa
Teslim,Sub-Saharan Africa
Tessa,English-Speaking
Tetiana,Slavic
Tetsuo,East Asian
Tetyana,Slavic
Teun,Germanic
Tevfik,Middle Eastern
Thamar,Germanic
Thea,Germanic
Thelma,English-Speaking
Theo,English-Speaking
Theodor,Germanic
Theodore,English-Speaking
Theresa,English-Speaking
Therese,English-Speaking
Thiago,Hispanic
Thierry,Romance
Thies,Germanic
Thilo,Germanic
Thobias,Nordic
Thomas,Germanic
Thord,Nordic
Thorsten,Germanic
Thure,Nordic
Thurman,Oceania
Thyge,Nordic
Tiago,Hispanic
Tiberiu,Romance
Tibor,Germanic
Tihomir,Slavic
Tijani,Sub-Saharan Africa
Tim,English-Speaking
Timo,Germanic
Timothaus,Germanic
Timotheus,Germanic
Timothy,Oceania
Timoty,English-Speaking
Tina,Germanic
Tinks,Oceania
Tino,Germanic
Tirunesh,Sub-Saharan Africa
Tobias,Germanic
Todd,English-Speaking
Todor,Slavic
Todorka,Slavic
Toini,Nordic
Tokihiko,East Asian
Toller,English-Speaking
Tom,English-Speaking
Tomas,Slavic
Tomasz,Slavic
Tomi,Nordic
Tomislav,Slavic
Tommaso,Romance
Tommy,Nordic
Tomoaki,East Asian
Tomohito,East Asian
Tomoko,East Asian
Tomomi,East Asian
Tone,Nordic
Tonhi,Romance
Toni,Germanic
Tonje,Nordic
Tony,Germanic
Tonya,English-Speaking
Torben,Nordic
Tord,Nordic
Tore,Nordic
Torgny,Nordic
Torsten,Germanic
Toru,East Asian
Tosha,English-Speaking
Toshiaki,East Asian
Toshiharu,East Asian
Toshiko,East Asian
Toshio,East Asian
Tove,Nordic
Toyokazu,East Asian
Toyoko,East Asian
Tracey,Oceania
Tracy,English-Speaking
Trajko,Slavic
Traudl,Germanic
Travis,English-Speaking
Trendafil,Slavic
Trent,Oceania
Trevor,Oceania
Tri,Southeast Asian
Trilochan,South Asian
Trine,Nordic
Trish,Oceania
Triyatno,Southeast Asian
Troy,Oceania
Trude,Germanic
Tsano,Slavic
Tsegay,Sub-Saharan Africa
Tsutomu,East Asian
Tsuyoshi,East Asian
Tsvetana,Slavic
Tugstsogt,East Asian
Tullio,Romance
Tully,Oceania
Tumua,English-Speaking
Turgut,Middle Eastern
Tuvshinbayar,East Asian
Tycho,Germanic
Tzvetan,Slavic
Tzvetanka,Slavic
UNKNOWN,Romance
Ubaldesco,Romance
Ud,South Asian
Uddin,South Asian
Udham,South Asian
Udo,Germanic
Udomporn,Southeast Asian
Ueli,Germanic
Ugo,Romance
Ul,South Asian
Ulderico,Romance
Ulf,Nordic
Ulla,Germanic
Ullah,South Asian
Ulrich,Germanic
Ulrico,Romance
Ulrika,Nordic
Ulrike,Germanic
Umberto,Romance
Un,East Asian
Unni,Nordic
Uno,Nordic
Ur,South Asian
Urban,Germanic
Urbia,Hispanic
Uros,Slavic
Urs,Germanic
Urska,Slavic
Ursula,Germanic
Urszula,Slavic
Usain,Hispanic
Uta,Germanic
Ute,Germanic
Utkirbek,Slavic
Uwe,Germanic
VALTON,Romance
VAN,Romance
VERBECKE,Romance
VIGNEROT,Romance
Vaclav,Slavic
Vadim,Slavic
Vadims,Baltic
Vala,Nordic
Valdemar,Nordic
Valdemaras,Baltic
Valdo,Hispanic
Valencia,Hispanic
Valentin,Slavic
Valentina,Slavic
Valentino,Romance
Valentyna,Slavic
Valeria,Germanic
Valerie,Oceania
Valerii,Slavic
Valerio,Romance
Valeriy,Slavic
Valeska,Hispanic
Valner,Slavic
Vanderlei,Hispanic
Vane,English-Speaking
Vanessa,Romance
Vania,Slavic
Vanina,Hispanic
Vanja,Nordic
Vasa,Slavic
Vasilii,Slavic
Vasilij,Slavic
Vassilka,Slavic
Vasyl,Slavic
Vehbi,Middle Eastern
Veikko,Nordic
Velichko,Slavic
Velik,Slavic
Velimir,Slavic
Velitchko,Slavic
Veljko,Slavic
Velleda,Romance
Vencelas,Romance
Venio,Slavic
Vera,Slavic
Verdi,Oceania
Verka,Slavic
Verner,Nordic
Veronica,English-Speaking
Veronika,Germanic
Veronique,Romance
Veselin,Slavic
Vesna,Slavic
Vessela,Slavic
Vicente,Hispanic
Vichai,Southeast Asian
Vicky,English-Speaking
Victor,Romance
Victoria,English-Speaking
Victoriano,Hispanic
Vicyohandri,Hispanic
Viera,Slavic
Viggo,Nordic
Vigor,Romance
Vijay,South Asian
Vijender,South Asian
Viking,Nordic
Viktor,Slavic
Viktoria,Germanic
Viktoriya,Slavic
Viktors,Baltic
Vilhelm,Nordic
Vilhjalmur,Nordic
Vilém,Slavic
Vincent,Romance
Vincenzo,Romance
Vinko,Slavic
Viola,Germanic
Violet,English-Speaking
Violetta,Germanic
Virgilio,Romance
Virginia,English-Speaking
Virginie,Romance
Virginio,Romance
Virinder,South Asian
Virna,Hispanic
Vitali,Germanic
Vitaliy,Slavic
Vitezslav,Slavic
Vittorio,Romance
Vivian,English-Speaking
Vjara,Slavic
Vladan,Slavic
Vladimir,Slavic
Vladislav,Slavic
Vladislava,Slavic
Vlado,Slavic
Vlasta,Slavic
Vlastibor,Slavic
Vlastimil,Slavic
Vojtech,Slavic
Voldemar,Baltic
Volger,Nordic
Volker,Germanic
Volodymyr,Slavic
Vreni,Germanic
Vsevolods,Baltic
Vugar,Slavic
Vukica,Slavic
Vyacheslav,Slavic
Václav,Slavic
Véronique,Romance
WAYDELICH,Romance
Waheed,South Asian
Waldemar,Slavic
Waldo,Hispanic
Waldyr,Hispanic
Walewska,Hispanic
Wallace,English-Speaking
Wally,English-Speaking
Walter,Germanic
Walther,Germanic
Wanda,Slavic
Wandee,Southeast Asian
Warren,Oceania
Washington,Hispanic
Wayne,Oceania
Weiyang,East Asian
Welissa,Hispanic
Wendell,Hispanic
Wendy,English-Speaking
Werner,Germanic
Wieger,Germanic
Wieslaw,Slavic
Wijan,Southeast Asian
Wilber,Hispanic
Wilberforce,English-Speaking
Wilfred,English-Speaking
Wilfrid,English-Speaking
Wilfried,Germanic
Wilhelm,Germanic
Wilhelmina,Germanic
Willem,Germanic
Willemien,Germanic
Willemientje,Germanic
Willemijn,Germanic
Willemyntje,Germanic
Willi,Germanic
William,English-Speaking
Willie,English-Speaking
Willy,Germanic
Wilma,Germanic
Wilson,Sub-Saharan Africa
Wiltrud,Germanic
Winarni,Southeast Asian
Winifred,English-Speaking
Winthrop,Hispanic
Wiradech,Germanic
Witold,Slavic
Wladimiro,Romance
Wladyslaw,Slavic
Wlamir,Hispanic
Wlodzimierz,Slavic
Wojciech,Slavic
Wolfgang,Germanic
Wolfram,Germanic
Wolrad,Germanic
Won,East Asian
Wonchul,East Asian
Wonsam,East Asian
Woo,East Asian
Wooyoung,East Asian
Worapoj,Southeast Asian
Wouter,Germanic
Wyatt,English-Speaking
Wyndham,English-Speaking
Xaver,Germanic
Xavier,Romance
Xeno,Germanic
Xiaoxiang,East Asian
Ximena,Hispanic
Yadier,Hispanic
Yaeko,East Asian
Yael,Middle Eastern
Yaima,Hispanic
Yakup,Middle Eastern
Yalennis,Hispanic
Yana,Slavic
Yandro,Hispanic
Yane,Hispanic
Yanelis,Hispanic
Yanet,Hispanic
Yankiel,Hispanic
Yanko,Slavic
Yannick,Romance
Yantcho,Slavic
Yaowapa,Southeast Asian
Yarelys,Hispanic
Yaroslav,Slavic
Yasaburo,East Asian
Yasar,Middle Eastern
Yasser,Hispanic
Yasuaki,East Asian
Yasuhiro,East Asian
Yasuji,East Asian
Yasunori,East Asian
Yasuyuki,East Asian
Yave,Romance
Yelena,Slavic
Yerkebulan,Slavic
Yermakhan,Slavic
Yeseo,East Asian
Yevgen,Slavic
Yevhen,Slavic
Yibing,East Asian
Yipsi,Hispanic
Yoanka,Hispanic
Yobal,Hispanic
Yoel,Hispanic
Yoelvis,Hispanic
Yogeshwar,South Asian
Yohan,Hispanic
Yojiro,East Asian
Yoko,East Asian
Yolane,Oceania
Yong,East Asian
Yongkyu,East Asian
Yordan,Slavic
Yordanis,Hispanic
Yordanka,Slavic
Yoriko,East Asian
Yoshiaki,East Asian
Yoshie,East Asian
Yoshihide,East Asian
Yoshihiko,East Asian
Yoshihiro,East Asian
Yoshihisa,East Asian
Yoshiko,East Asian
Yoshimi,East Asian
Yoshinobu,East Asian
Yoshio,East Asian
Yoshitada,East Asian
Yoshiyuki,East Asian
Yosuke,East Asian
Youko,East Asian
Young,East Asian
Younggwon,East Asian
Youngmin,East Asian
Yovany,Hispanic
Yudel,Hispanic
Yuichi,East Asian
Yuka,East Asian
Yukari,East Asian
Yuki,East Asian
Yukiaki,East Asian
Yukiko,East Asian
Yukimasa,East Asian
Yukinori,East Asian
Yukio,East Asian
Yukiyo,East Asian
Yuko,East Asian
Yulia,Slavic
Yulieski,Hispanic
Yuliesky,Hispanic
Yuliya,Slavic
Yumi,East Asian
Yumiko,East Asian
Yumileidi,Hispanic
Yumilka,Hispanic
Yuna,East Asian
Yunaika,Hispanic
Yuri,Slavic
Yurie,East Asian
Yuriko,East Asian
Yurisel,Hispanic
Yuriy,Slavic
Yushi,East Asian
Yusuke,East Asian
Yutaka,East Asian
Yuzo,East Asian
Yvan,Romance
Yves,Romance
Yvette,Oceania
Yvonne,Germanic
ZE,Hispanic
Zac,English-Speaking
Zach,English-Speaking
Zafar,South Asian
Zali,Oceania
Zaman,South Asian
Zan,Slavic
Zana,Slavic
Zara,English-Speaking
Zarko,Slavic
Zbigniew,Slavic
Zdenek,Slavic
Zdenka,Slavic
Zdenko,Slavic
Zdeslav,Slavic
Zdravko,Slavic
Zdzislaw,Slavic
Zeljko,Slavic
Zemfira,Slavic
Zeno,Romance
Zenon,Slavic
Zevegying,East Asian
Zia,South Asian
Zivko,Slavic
Zlatko,Slavic
Zofia,Slavic
Zoila,Hispanic
Zoltan,Germanic
Zoran,Slavic
Zorica,Slavic
Zornitsa,Slavic
Zulfiya,Slavic
Zurab,Slavic
Zuzana,Slavic
Zvonimir,Slavic
Zygfryd,Slavic
Zygmunt,Slavic
Örjan,Nordic
